#CHR	START_POS	END_POS	SNARL	PATH_LENGTHS	P_FISHER	P_CHI2	GROUP_PATHS	DEPTH
ref	247411	247411	4271_4260	0,616	0.368	0.3172	97:107,103:93	1
ref	247246	247246	4260_4252	0,596	3.5005e-02	2.7309e-02	119:97,81:103	1
ref	247026	247027	4252_4249	1,1	0.5474	0.4827	89:96,111:104	1
ref	244988	246948	4249_4208	0,1960	1	0.9084	51:50,149:150	1
ref	244701	244702	4208_4205	1,1	0.5872	0.5147	58:64,142:136	1
ref	244521	244522	4205_4202	1,1	0.9186	0.8379	122:120,78:80	1
ref	244231	244232	4202_4199	1,1	3.5044e-02	2.4534e-02	182:167,18:33	1
ref	244177	244178	4199_4196	1,1	0.5282	0.4489	158:164,42:36	1
ref	243889	243890	4196_4193	1,1	2.9559e-02	2.1217e-02	159:176,41:24	1
ref	242653	243529	4190_4176	0,876	0.1953	0.1545	169:158,31:42	1
ref	242422	242423	4176_4173	1,1	1	1	153:153,47:47	1
ref	242058	242248	4173_4171	0,190	1	1	71:71,129:129	1
ref	241810	241811	4171_4168	1,1	0.8213	0.7347	52:55,148:145	1
ref	241687	241688	4168_4165	1,1	0.2174	0.175	36:47,164:153	1
ref	241231	241504	4165_4160	0,273	0.5905	0.5184	60:66,140:134	1
ref	241033	241034	4160_4157	1,1	0.7239	0.5955	184:181,16:19	1
ref	240848	240849	4157_4154	1,1	0.4173	0.3615	79:88,121:112	1
ref	240735	240736	4154_4151	1,1	0.1804	0.1442	163:151,37:49	1
ref	240447	240448	4151_4148	1,1	0.3054	0.2489	158:167,42:33	1
ref	240152	240152	4148_4146	0,118	0.8415	0.7642	101:98,99:102	1
ref	239911	239912	4146_4143	1,1	0.6662	0.5896	140:135,60:65	1
ref	239851	239852	4143_4140	1,1	0.7516	0.6729	70:66,130:134	1
ref	239652	239653	4140_4137	1,1	0.7341	0.6504	149:145,51:55	1
ref	239420	239420	4137_4123	0,1167	0.6765	0.6019	126:131,74:69	1
ref	238625	239168	4123_4112	0,543	2.0414e-02	1.4927e-02	147:167,53:33	1
ref	238193	238194	4104_4101	1,1	1	0.9181	124:123,76:77	1
ref	238050	238051	4101_4098	1,1	0.3141	0.2681	83:94,117:106	1
ref	237827	237827	4098_4096	0,280	0.5282	0.4489	42:36,158:164	1
ref	237627	237628	4096_4093	1,1	1	1	91:91,109:109	1
ref	236941	237377	4090_4085	0,436	0.425	0.3618	144:152,56:48	1
ref	236675	236676	4085_4082	1,1	1.4049e-02	1.0014e-02	173:153,27:47	1
ref	236574	236575	4082_4079	1,1	0.7595	0.6831	78:82,122:118	1
ref	236410	236411	4079_4076	1,1	1.2214e-02	9.2343e-03	92:118,108:82	1
ref	236171	236172	4076_4073	1,1	4.3940e-02	3.4117e-02	143:123,57:77	1
ref	235923	235924	4073_4070	1,1	5.6497e-02	4.4810e-02	98:118,102:82	1
ref	235558	235842	4070_4068	0,284	0.3882	0.3316	133:142,67:58	1
ref	235283	235284	4068_4065	1,1	0.8415	0.7641	99:96,101:104	1
ref	234991	234991	4065_4063	0,190	1.1959e-06	8.1090e-07	64:113,136:87	1
ref	234902	234903	4063_4060	1,1	0.1334	0.1095	110:94,90:106	1
ref	234621	234622	4060_4057	1,1	0.7024	0.6102	164:160,36:40	1
ref	234400	234401	4054_4051	1,1	0.661	0.5584	175:171,25:29	1
ref	234327	234328	4051_4048	1,1	0.3398	0.2752	164:172,36:28	1
ref	234040	234041	4048_4045	1,1	6.8055e-12	5.6286e-12	50:118,150:82	1
ref	233818	233819	4045_4042	1,1	0.2135	0.1671	174:164,26:36	1
ref	233519	233520	4042_4039	1,1	0.4181	0.3623	111:120,89:80	1
ref	233271	233272	4039_4036	1,1	0.9143	0.8296	136:138,64:62	1
ref	232194	233064	4036_4022	0,870	0.8706	0.7443	180:178,20:22	1
ref	232103	232104	4022_4019	1,1	0.6587	0.5807	140:145,60:55	1
ref	231820	231821	4019_4016	1,1	0.6775	0.603	75:70,125:130	1
ref	231622	231622	4016_4014	0,240	0.2292	0.1861	150:161,50:39	1
ref	231403	231403	4014_4012	0,174	0.7547	0.6769	126:130,74:70	1
ref	231233	231233	4012_4010	0,298	0.6026	0.532	131:125,69:75	1
ref	231047	231047	4010_4008	0,263	2.4316e-09	1.9436e-09	164:108,36:92	1
ref	230964	230965	4008_4005	1,1	1	1	139:139,61:61	1
ref	230738	230739	4005_4002	1,1	0.367	0.3161	98:88,102:112	1
ref	230539	230540	4002_3999	1,1	0.3213	0.2705	147:137,53:63	1
ref	230472	230473	3999_3996	1,1	0.6385	0.5569	50:45,150:155	1
ref	230188	230189	3996_3993	1,1	1.4799e-23	8.8051e-23	173:78,27:122	1
ref	230066	230067	3993_3990	1,1	0.2951	0.2389	160:169,40:31	1
ref	229997	229998	3990_3987	1,1	0.2052	0.1544	173:182,27:18	1
ref	229900	229901	3987_3984	1,1	0.8353	0.755	71:74,129:126	1
ref	229743	229744	3984_3981	1,1	0.76	0.6837	79:83,121:117	1
ref	229685	229686	3981_3978	1,1	0.4779	0.3942	174:168,26:32	1
ref	229498	229499	3978_3975	1,1	1	1	142:142,58:58	1
ref	229442	229443	3975_3972	1,1	1	0.8364	187:188,13:12	1
ref	229230	229231	3972_3969	1,1	0.7623	0.6866	111:115,89:85	1
ref	229094	229095	3969_3966	1,1	0.2867	0.2412	71:60,129:140	1
ref	228852	228853	3966_3963	1,1	0.8366	0.757	126:123,74:77	1
ref	228604	228605	3963_3960	1,1	1	0.8922	168:167,32:33	1
ref	228551	228551	3960_3958	0,96	4.0442e-04	2.8367e-04	144:109,56:91	1
ref	228495	228496	3958_3955	1,1	0.7472	0.6282	180:177,20:23	1
ref	227848	228081	3952_3950	0,233	2.3795e-13	2.1272e-13	147:74,53:126	1
ref	227629	227630	3950_3947	1,1	0.6891	0.617	100:105,100:95	1
ref	227133	227134	3945_3942	1,1	0.2453	0.1913	168:177,32:23	1
ref	226842	226843	3942_3939	1,1	0.479	0.4184	119:111,81:89	1
ref	226728	226728	3939_3922	0,1164	6.9350e-02	5.4664e-02	74:56,126:144	1
ref	226671	226672	3922_3919	1,1	0.7547	0.6769	70:74,130:126	1
ref	226529	226530	3919_3916	1,1	1	0.8299	189:188,11:12	1
ref	226276	226277	3916_3913	1,1	0.107	8.2926e-02	152:166,48:34	1
ref	226073	226074	3913_3910	1,1	0.5467	0.4819	113:106,87:94	1
ref	225878	225879	3910_3907	1,1	0.3817	0.3173	164:156,36:44	1
ref	225680	225681	3907_3904	1,1	0.6106	0.5411	122:116,78:84	1
ref	225531	225532	3904_3901	1,1	0.4469	0.3747	165:158,35:42	1
ref	225276	225277	3901_3898	1,1	0.1893	0.1551	53:66,147:134	1
ref	224386	225056	3898_3887	0,670	0.3386	0.2876	129:139,71:61	1
ref	224068	224069	3885_3882	1,1	0.5905	0.5184	66:60,134:140	1
ref	223884	223885	3882_3879	1,1	1	1	104:104,96:96	1
ref	223610	223611	3879_3876	1,1	8.3208e-02	6.6744e-02	72:90,128:110	1
ref	223242	223410	3876_3874	0,168	0.8838	0.7698	174:172,26:28	1
ref	223134	223135	3874_3871	1,1	5.4071e-05	3.7256e-05	48:87,152:113	1
ref	222975	222975	3871_3866	0,207	1	0.9194	85:84,115:116	1
ref	222815	222816	3866_3863	1,1	0.3624	0.2978	160:168,40:32	1
ref	222642	222643	3863_3860	1,1	0.3838	0.3095	176:169,24:31	1
ref	222559	222560	3860_3857	1,1	0.759	0.6824	123:119,77:81	1
ref	222433	222434	3857_3854	1,1	1	0.9161	132:131,68:69	1
ref	222269	222270	3854_3851	1,1	0.8233	0.7376	143:146,57:54	1
ref	222091	222092	3851_3848	1,1	4.0318e-12	3.6940e-12	160:93,40:107	1
ref	222015	222016	3848_3845	1,1	0.9165	0.8339	129:131,71:69	1
ref	220680	221770	3845_3831	0,1090	0.1563	0.1223	169:157,31:43	1
ref	220246	220388	3831_3829	0,142	0.4068	0.3506	131:122,69:78	1
ref	220154	220155	3829_3826	1,1	0.1414	0.1152	77:62,123:138	1
ref	220080	220081	3826_3823	1,1	0.6891	0.617	100:105,100:95	1
ref	219801	219802	3823_3820	1,1	0.9175	0.8359	127:125,73:75	1
ref	219606	219607	3820_3817	1,1	0.6131	0.5439	82:88,118:112	1
ref	219360	219361	3817_3814	1,1	0.6106	0.5411	84:78,116:122	1
ref	219173	219174	3814_3811	1,1	0.9104	0.8218	145:147,55:53	1
ref	219023	219024	3811_3808	1,1	1	0.9198	111:112,89:88	1
ref	218933	218933	3808_3785	0,1144	0.7565	0.6413	178:175,22:25	1
ref	218773	218774	3785_3782	1,1	0.8203	0.7332	149:146,51:54	1
ref	218644	218645	3782_3779	1,1	0.737	0.6542	143:147,57:53	1
ref	218511	218512	3779_3776	1,1	0.543	0.4779	87:80,113:120	1
ref	218367	218368	3776_3773	1,1	0.1613	0.1335	110:95,90:105	1
ref	218095	218096	3773_3770	1,1	0.6251	0.5411	155:160,45:40	1
ref	217871	217872	3770_3767	1,1	0.858	0.7199	182:184,18:16	1
ref	217791	217792	3767_3764	1,1	0.5241	0.4444	159:165,41:35	1
ref	217109	217110	3762_3759	1,1	1	0.897	164:163,36:37	1
ref	216995	216996	3759_3756	1,1	1	0.9192	116:117,84:83	1
ref	216786	216896	3756_3754	0,110	0.3273	0.2397	189:183,11:17	1
ref	216622	216623	3754_3751	1,1	0.3839	0.3273	135:144,65:56	1
ref	216554	216554	3751_3749	0,246	0.8498	0.7042	186:184,14:16	1
ref	216417	216418	3749_3746	1,1	1	1	105:105,95:95	1
ref	216215	216216	3746_3743	1,1	0.4259	0.319	189:184,11:16	1
ref	215818	215819	3740_3737	1,1	0.2284	0.192	115:102,85:98	1
ref	215609	215610	3737_3734	1,1	0.9104	0.8218	145:147,55:53	1
ref	215360	215361	3734_3731	1,1	0.845	0.6951	185:187,15:13	1
ref	214909	214910	3729_3726	1,1	4.2968e-02	3.2871e-02	136:155,64:45	1
ref	214031	214678	3726_3718	0,647	0.6321	0.5227	180:176,20:24	1
ref	213911	213911	3718_3713	0,380	2.2579e-02	1.6632e-02	165:145,35:55	1
ref	213617	213618	3713_3710	1,1	0.7937	0.6946	163:166,37:34	1
ref	213353	213516	3710_3708	0,163	9.2800e-07	6.6501e-07	120:165,80:35	1
ref	212820	212821	3700_3697	1,1	0.9069	0.8149	151:153,49:47	1
ref	212637	212638	3697_3694	1,1	3.5589e-02	2.7799e-02	112:90,88:110	1
ref	212274	212275	3691_3688	1,1	1	0.9035	157:156,43:44	1
ref	212185	212185	3688_3686	0,158	8.7401e-02	7.0440e-02	119:101,81:99	1
ref	212121	212122	3686_3683	1,1	0.1803	0.1408	172:161,28:39	1
ref	211992	211992	3683_3678	0,233	0.2754	0.2033	180:187,20:13	1
ref	211878	211879	3678_3675	1,1	2.3466e-02	1.6528e-02	21:38,179:162	1
ref	211595	211596	3675_3672	1,1	0.88	0.7624	176:174,24:26	1
ref	211535	211535	3672_3664	0,430	0.9093	0.8197	149:147,51:53	1
ref	211117	211416	3664_3662	0,299	1	0.9176	126:125,74:75	1
ref	210909	210910	3662_3659	1,1	0.6251	0.5411	155:160,45:40	1
ref	210807	210808	3659_3656	1,1	0.9032	0.8077	158:156,42:44	1
ref	210658	210659	3656_3653	1,1	1	0.8788	24:25,176:175	1
ref	210377	210533	3653_3651	0,156	0.4808	0.4203	116:108,84:92	1
ref	210108	210109	3651_3648	1,1	0.4411	0.335	183:188,17:12	1
ref	210043	210044	3648_3645	1,1	0.3908	0.2829	186:191,14:9	1
ref	209885	209886	3645_3642	1,1	0.5006	0.3994	17:22,183:178	1
ref	209717	209718	3642_3639	1,1	0.7612	0.6853	82:86,118:114	1
ref	209517	209518	3639_3636	1,1	0.4839	0.4236	102:94,98:106	1
ref	209358	209359	3636_3633	1,1	0.8385	0.7597	82:79,118:121	1
ref	209140	209141	3633_3630	1,1	0.6756	0.6008	127:132,73:68	1
ref	208996	208997	3630_3627	1,1	0.8192	0.7316	53:50,147:150	1
ref	208905	208905	3627_3613	0,955	0.2849	0.2348	159:149,41:51	1
ref	208757	208758	3613_3610	1,1	0.3903	0.3261	162:154,38:46	1
ref	208692	208693	3610_3607	1,1	0.3941	0.3062	184:178,16:22	1
ref	208389	208468	3604_3602	0,79	0.4616	0.4001	135:127,65:73	1
ref	208133	208134	3602_3599	1,1	8.7979e-02	7.0951e-02	101:83,99:117	1
ref	207942	207943	3599_3596	1,1	0.3284	0.2775	144:134,56:66	1
ref	207875	207876	3596_3593	1,1	0.9098	0.8207	146:148,54:52	1
ref	207720	207721	3593_3590	1,1	0.1591	0.1315	103:118,97:82	1
ref	207207	207446	3590_3588	0,239	0.2733	0.2236	152:162,48:38	1
ref	206876	206877	3574_3571	1,1	0.3282	0.2713	38:47,162:153	1
ref	206746	206747	3571_3568	1,1	0.9168	0.8345	128:130,72:70	1
ref	206528	206529	3568_3565	1,1	0.3282	0.2713	153:162,47:38	1
ref	206282	206283	3565_3562	1,1	0.1964	0.1404	188:180,12:20	1
ref	205448	206196	3562_3548	0,748	0.5399	0.4745	117:124,83:76	1
ref	205295	205295	3548_3525	0,1375	1.2680e-04	8.7934e-05	70:109,130:91	1
ref	204277	204998	3525_3517	0,721	0.5101	0.4098	177:182,23:18	1
ref	204169	204170	3517_3514	1,1	1	0.8922	167:168,33:32	1
ref	204053	204054	3514_3511	1,1	0.7304	0.6047	180:183,20:17	1
ref	203772	203772	3511_3509	0,257	5.6082e-02	3.5258e-02	193:183,7:17	1
ref	203639	203639	3509_3507	0,231	0.2721	0.2167	173:164,27:36	1
ref	202386	203238	3504_3490	0,852	2.8730e-04	2.0076e-04	143:107,57:93	1
ref	201774	202255	3490_3482	0,481	0.1732	0.1306	180:170,20:30	1
ref	201393	201393	3479_3468	0,568	2.2361e-02	1.7066e-02	138:115,62:85	1
ref	201317	201318	3468_3465	1,1	0.484	0.4237	96:104,104:96	1
ref	201028	201029	3465_3462	1,1	0.2413	0.1931	41:31,159:169	1
ref	200181	200935	3462_3451	0,754	0.8976	0.7968	162:164,38:36	1
ref	199014	199973	3451_3440	0,959	0.4829	0.4226	111:103,89:97	1
ref	198795	198796	3440_3437	1,1	0.7304	0.6047	183:180,17:20	1
ref	198706	198707	3437_3434	1,1	1	0.8595	182:183,18:17	1
ref	198566	198567	3434_3431	1,1	0.9143	0.8296	136:138,64:62	1
ref	198437	198438	3431_3428	1,1	0.4584	0.3967	137:129,63:71	1
ref	198306	198306	3428_3426	0,154	0.5349	0.4375	174:179,26:21	1
ref	197957	197958	3423_3420	1,1	0.455	0.3498	187:182,13:18	1
ref	196534	197406	3418_3404	0,872	0.3273	0.2397	183:189,17:11	1
ref	196472	196472	3404_3402	0,169	0.684	0.6109	121:116,79:84	1
ref	196345	196346	3402_3399	1,1	0.3162	0.2655	149:139,51:61	1
ref	196172	196172	3399_3364	0,2329	0.3079	0.2621	75:86,125:114	1
ref	196105	196106	3364_3361	1,1	0.6141	0.5451	110:116,90:84	1
ref	195745	195746	3359_3356	1,1	0.3036	0.2578	71:82,129:118	1
ref	195531	195531	3356_3345	0,784	3.0950e-08	2.8817e-08	136:181,64:19	1
ref	195041	195291	3345_3343	0,250	0.9114	0.8238	143:145,57:55	1
ref	194764	194764	3343_3341	0,154	0.6886	0.6163	104:109,96:91	1
ref	194487	194488	3341_3338	1,1	8.8862e-02	7.1733e-02	112:94,88:106	1
ref	194215	194216	3338_3335	1,1	0.4237	0.3681	94:103,106:97	1
ref	193922	193923	3335_3332	1,1	1.0936e-20	3.4396e-20	30:119,170:81	1
ref	193724	193725	3332_3329	1,1	0.2363	0.1965	57:69,143:131	1
ref	193662	193663	3329_3326	1,1	6.3501e-12	5.0476e-12	138:69,62:131	1
ref	193567	193568	3326_3323	1,1	7.8917e-22	2.4940e-21	73:166,127:34	1
ref	193280	193281	3323_3320	1,1	0.4451	0.3827	56:64,144:136	1
ref	193039	193040	3320_3317	1,1	0.6899	0.5944	164:168,36:32	1
ref	192868	192869	3317_3314	1,1	0.4451	0.3827	136:144,64:56	1
ref	192604	192605	3314_3311	1,1	2.9025e-10	2.1559e-10	56:119,144:81	1
ref	192304	192305	3311_3308	1,1	0.7274	0.6419	153:149,47:51	1
ref	192223	192223	3308_3306	0,289	0.7782	0.6723	172:169,28:31	1
ref	192154	192154	3306_3292	0,805	0.3069	0.2611	126:115,74:85	1
ref	191943	191944	3292_3289	1,1	0.6886	0.6163	96:91,104:109	1
ref	191504	191657	3289_3287	0,153	0.5314	0.4652	132:125,68:75	1
ref	191348	191349	3287_3284	1,1	0.419	0.3556	146:154,54:46	1
ref	191292	191293	3284_3281	1,1	0.7024	0.6102	160:164,40:36	1
ref	191068	191069	3281_3278	1,1	1	0.8908	168:169,32:31	1
ref	190874	190875	3278_3275	1,1	0.2726	0.1882	186:192,14:8	1
ref	190581	190582	3275_3272	1,1	4.0485e-19	3.9590e-17	196:131,4:69	1
ref	190081	190362	3272_3270	0,281	7.6592e-06	9.2167e-06	174:197,26:3	1
ref	189829	189830	3270_3267	1,1	6.5797e-03	4.8502e-03	142:115,58:85	1
ref	189458	189459	3265_3262	1,1	5.9447e-02	4.6181e-02	152:134,48:66	1
ref	189276	189277	3262_3259	1,1	1	0.8922	167:168,33:32	1
ref	189020	189021	3259_3256	1,1	0.2456	0.2053	74:62,126:138	1
ref	188820	188821	3253_3250	1,1	0.2105	0.175	122:135,78:65	1
ref	188548	188548	3250_3236	0,679	1	1	177:177,23:23	1
ref	188062	188282	3236_3234	0,220	0.1475	0.1208	133:118,67:82	1
ref	187572	187693	3232_3230	0,121	0.419	0.3556	54:46,146:154	1
ref	187490	187491	3230_3227	1,1	0.539	0.4735	75:82,125:118	1
ref	186702	187200	3227_3216	0,498	0.1314	0.1025	33:46,167:154	1
ref	186605	186606	3216_3213	1,1	1	1	178:178,22:22	1
ref	184927	186395	3213_3184	0,1468	6.7789e-02	4.5598e-02	189:178,11:22	1
ref	184133	184133	3173_3171	0,68	0.6047	0.5344	71:77,129:123	1
ref	184029	184030	3171_3168	1,1	0.9047	0.8107	154:156,46:44	1
ref	183905	183906	3168_3165	1,1	0.1885	0.1568	108:122,92:78	1
ref	183805	183806	3165_3162	1,1	0.3943	0.3302	47:39,153:161	1
ref	183544	183716	3162_3160	0,172	6.7013e-02	5.1903e-02	157:140,43:60	1
ref	183145	183363	3160_3158	0,218	1	0.9065	48:47,152:153	1
ref	182663	182664	3156_3153	1,1	1	1	165:165,35:35	1
ref	182460	182461	3153_3150	1,1	0.2709	0.2298	102:90,98:110	1
ref	182273	182274	3150_3147	1,1	0.8414	0.7639	106:103,94:97	1
ref	182200	182201	3147_3144	1,1	0.7959	0.6978	162:165,38:35	1
ref	182109	182110	3144_3141	1,1	1	0.8879	171:170,29:30	1
ref	182028	182029	3141_3138	1,1	0.3838	0.3095	176:169,24:31	1
ref	181813	181814	3138_3135	1,1	0.7608	0.6848	115:119,85:81	1
ref	181083	181255	3132_3130	0,172	0.4808	0.4203	92:84,108:116	1
ref	180944	180945	3130_3127	1,1	0.827	0.6609	188:190,12:10	1
ref	180549	180549	3113_3111	0,177	0.9087	0.8185	148:150,52:50	1
ref	180309	180310	3111_3108	1,1	0.2433	0.1994	43:54,157:146	1
ref	179830	179831	3106_3103	1,1	1	1	171:171,29:29	1
ref	179717	179718	3103_3100	1,1	0.1586	0.131	119:104,81:96	1
ref	179561	179562	3100_3097	1,1	0.386	0.3218	45:37,155:163	1
ref	179316	179316	3097_3092	0,351	0.1335	0.1096	107:91,93:109	1
ref	179128	179129	3092_3089	1,1	0.8337	0.7528	129:132,71:68	1
ref	178838	178838	3089_3087	0,114	0.4325	0.3597	32:39,168:161	1
ref	177948	178756	3087_3076	0,808	1	1	154:154,46:46	1
ref	177714	177715	3076_3073	1,1	0.4157	0.3598	86:77,114:123	1
ref	177571	177572	3070_3067	1,1	0.7567	0.6795	77:73,123:127	1
ref	177457	177458	3067_3064	1,1	0.83	0.7473	135:138,65:62	1
ref	177351	177351	3064_3062	0,242	0.3327	0.2818	132:142,68:58	1
ref	177058	177059	3062_3059	1,1	0.8409	0.7633	90:93,110:107	1
ref	176860	176861	3059_3056	1,1	0.1614	0.1336	94:109,106:91	1
ref	176657	176762	3056_3054	0,105	0.8888	0.7794	169:171,31:29	1
ref	176381	176382	3046_3043	1,1	4.6146e-19	9.8401e-19	80:166,120:34	1
ref	176091	176092	3043_3040	1,1	0.8414	0.764	105:102,95:98	1
ref	176009	176010	3040_3037	1,1	0.256	0.207	166:156,34:44	1
ref	175735	175736	3037_3034	1,1	0.535	0.4691	129:122,71:78	1
ref	175507	175508	3034_3031	1,1	3.4299e-29	1.2775e-25	4:94,196:106	1
ref	175435	175436	3031_3028	1,1	1	0.9145	136:137,64:63	1
ref	175291	175292	3028_3025	1,1	0.2614	0.2167	60:49,140:151	1
ref	175186	175187	3025_3022	1,1	0.5697	0.4477	183:187,17:13	1
ref	174997	174998	3022_3019	1,1	1.3136e-02	9.7850e-03	125:149,75:51	1
ref	174888	174889	3019_3016	1,1	9.6893e-02	7.7895e-02	135:118,65:82	1
ref	174788	174788	3016_3014	0,87	0.709	0.5748	183:186,17:14	1
ref	174520	174521	3014_3011	1,1	0.5889	0.5166	135:141,65:59	1
ref	174454	174455	3011_3008	1,1	0.3838	0.3095	176:169,24:31	1
ref	174289	174290	3008_3005	1,1	7.2124e-02	5.5392e-02	147:163,53:37	1
ref	171253	171254	2964_2961	1,1	0.6168	0.5482	99:93,101:107	1
ref	171149	171150	2961_2958	1,1	1	0.9174	127:126,73:74	1
ref	170868	170869	2958_2955	1,1	0.7999	0.7036	163:160,37:40	1
ref	170735	170735	2955_2947	0,416	0.8388	0.7602	83:80,117:120	1
ref	170528	170528	2947_2942	0,302	0.45	0.3643	172:178,28:22	1
ref	170124	170476	2942_2937	0,352	3.3526e-02	2.6069e-02	126:104,74:96	1
ref	170026	170027	2937_2934	1,1	0.6549	0.5012	191:188,9:12	1
ref	169969	169970	2934_2931	1,1	0.684	0.6109	121:116,79:84	1
ref	169747	169748	2931_2928	1,1	1	0.8471	185:186,15:14	1
ref	169615	169616	2928_2925	1,1	0.7325	0.6484	150:146,50:54	1
ref	169438	169439	2925_2922	1,1	1	0.8894	169:170,31:30	1
ref	169007	169143	2922_2920	0,136	0.8498	0.7042	186:184,14:16	1
ref	168708	168709	2920_2917	1,1	0.8326	0.7511	134:131,66:69	1
ref	167974	168646	2917_2906	0,672	0.1094	7.2870e-02	18:9,182:191	1
ref	167837	167838	2906_2903	1,1	1	1	181:181,19:19	1
ref	167616	167617	2903_2900	1,1	1	0.8558	183:184,17:16	1
ref	167522	167523	2900_2897	1,1	0.8406	0.7629	91:88,109:112	1
ref	167444	167445	2897_2894	1,1	0.2524	0.198	176:167,24:33	1
ref	167160	167160	2894_2892	0,70	1	1	40:40,160:160	1
ref	166991	166992	2892_2889	1,1	8.8749e-02	7.1633e-02	95:113,105:87	1
ref	166590	166737	2886_2884	0,147	0.1581	0.1209	176:165,24:35	1
ref	166214	166215	2881_2878	1,1	0.8414	0.764	98:95,102:105	1
ref	166001	166002	2878_2875	1,1	0.4188	0.363	90:81,110:119	1
ref	165719	165720	2875_2872	1,1	0.5968	0.5082	168:163,32:37	1
ref	164543	165614	2872_2855	0,1071	0.5194	0.4521	133:140,67:60	1
ref	162214	164235	2852_2823	0,2021	0.8203	0.7332	149:146,51:54	1
ref	162050	162051	2823_2820	1,1	0.8292	0.7462	64:61,136:139	1
ref	161935	161936	2820_2817	1,1	0.2899	0.2265	179:171,21:29	1
ref	160360	161777	2817_2797	0,1417	0.8101	0.7184	154:157,46:43	1
ref	160128	160129	2797_2794	1,1	0.6515	0.5722	149:144,51:56	1
ref	159873	159874	2791_2788	1,1	0.8292	0.7462	61:64,139:136	1
ref	159794	159795	2788_2785	1,1	1	0.8226	189:190,11:10	1
ref	159619	159620	2785_2782	1,1	8.8977e-02	6.9880e-02	139:155,61:45	1
ref	159456	159457	2782_2779	1,1	1.6893e-07	1.1476e-07	76:129,124:71	1
ref	159347	159348	2779_2776	1,1	0.8086	0.7162	42:45,158:155	1
ref	159128	159129	2776_2773	1,1	0.1328	0.109	114:98,86:102	1
ref	158906	158906	2773_2753	0,1155	0.8414	0.7639	97:94,103:106	1
ref	158696	158697	2753_2750	1,1	0.6335	0.5509	157:152,43:48	1
ref	158410	158411	2750_2747	1,1	0.3647	0.3138	83:93,117:107	1
ref	158229	158230	2747_2744	1,1	0.8401	0.7621	88:85,112:115	1
ref	157971	157972	2744_2741	1,1	0.5006	0.4318	142:149,58:51	1
ref	157797	157798	2741_2738	1,1	0.8337	0.7528	71:68,129:132	1
ref	157642	157643	2738_2735	1,1	0.918	0.8368	75:77,125:123	1
ref	156402	157514	2735_2718	0,1112	0.4575	0.3724	171:177,29:23	1
ref	156025	156158	2718_2716	0,133	0.3347	0.2838	131:141,69:59	1
ref	155778	155779	2716_2713	1,1	0.7646	0.6529	173:176,27:24	1
ref	155483	155484	2713_2710	1,1	1	0.8947	165:166,35:34	1
ref	155347	155348	2710_2707	1,1	0.2883	0.2155	186:179,14:21	1
ref	155169	155170	2707_2704	1,1	0.9204	0.8415	98:100,102:100	1
ref	155088	155088	2704_2699	0,227	0.3717	0.3149	140:149,60:51	1
ref	154878	154879	2699_2696	1,1	0.2488	0.2084	64:76,136:124	1
ref	154752	154753	2696_2693	1,1	2.7534e-02	2.1098e-02	141:119,59:81	1
ref	154453	154453	2693_2691	0,203	5.1721e-02	3.5863e-02	172:185,28:15	1
ref	154311	154311	2691_2689	0,119	0.742	0.6209	178:181,22:19	1
ref	154107	154108	2689_2686	1,1	0.1239	8.8151e-02	176:186,24:14	1
ref	154041	154041	2686_2666	0,1164	1.4949e-21	2.2395e-19	122:195,78:5	1
ref	152966	153819	2666_2652	0,853	0.2194	0.1726	37:27,163:173	1
ref	152755	152756	2652_2649	1,1	0.7356	0.6524	148:144,52:56	1
ref	152672	152673	2649_2646	1,1	0.2524	0.198	167:176,33:24	1
ref	152475	152476	2646_2643	1,1	0.3624	0.2978	168:160,32:40	1
ref	152285	152342	2643_2641	0,57	0.1698	0.1371	142:155,58:45	1
ref	152174	152175	2641_2638	1,1	0.5059	0.4245	163:169,37:31	1
ref	151899	151900	2638_2635	1,1	0.8732	0.7493	177:179,23:21	1
ref	151710	151711	2635_2632	1,1	0.2399	0.1962	147:158,53:42	1
ref	151644	151645	2632_2629	1,1	0.4126	0.349	148:156,52:44	1
ref	151469	151469	2629_2627	0,251	0.123	9.2892e-02	176:164,24:36	1
ref	150703	151372	2627_2616	0,669	1	1	132:132,68:68	1
ref	150602	150602	2616_2602	0,1022	1	0.9141	138:137,62:63	1
ref	150308	150309	2602_2599	1,1	1.6132e-02	1.1604e-02	171:151,29:49	1
ref	150055	150056	2599_2596	1,1	3.1570e-02	2.4438e-02	90:68,110:132	1
ref	149902	149903	2596_2593	1,1	0.8337	0.7528	132:129,68:71	1
ref	149667	149668	2593_2590	1,1	0.7683	0.6582	172:175,28:25	1
ref	149243	149426	2590_2588	0,183	0.775	0.6678	173:170,27:30	1
ref	148975	148975	2588_2577	0,699	1	0.8846	173:172,27:28	1
ref	148772	148773	2577_2574	1,1	2.7947e-02	2.0921e-02	160:140,40:60	1
ref	148510	148511	2574_2571	1,1	0.7052	0.6137	37:41,163:159	1
ref	148310	148311	2571_2568	1,1	1	1	153:153,47:47	1
ref	148013	148014	2568_2565	1,1	0.3103	0.2537	157:166,43:34	1
ref	147762	147763	2565_2562	1,1	0.1953	0.1545	169:158,31:42	1
ref	147575	147576	2562_2559	1,1	0.9015	0.8044	158:160,42:40	1
ref	147363	147363	2559_2557	0,283	0.3108	0.2601	141:151,59:49	1
ref	147127	147128	2557_2554	1,1	0.709	0.5748	183:186,17:14	1
ref	146920	146988	2554_2552	0,68	0.8916	0.785	169:167,31:33	1
ref	146644	146645	2552_2549	1,1	0.8393	0.761	82:85,118:115	1
ref	146379	146380	2549_2546	1,1	1	0.8661	181:180,19:20	1
ref	146118	146118	2546_2538	0,692	0.3485	0.2976	123:133,77:67	1
ref	145732	145733	2535_2532	1,1	0.8838	0.7698	174:172,26:28	1
ref	145641	145642	2532_2529	1,1	0.1336	9.2379e-02	180:189,20:11	1
ref	145372	145373	2529_2526	1,1	0.8385	0.7597	82:79,118:121	1
ref	145083	145083	2526_2524	0,181	0.3473	0.2903	52:43,148:157	1
ref	144807	144807	2524_2504	0,1346	1.1682e-11	1.4052e-11	176:116,24:84	1
ref	144688	144689	2504_2501	1,1	3.3863e-03	2.3359e-03	177:154,23:46	1
ref	144564	144565	2501_2498	1,1	0.292	0.2417	53:43,147:157	1
ref	144248	144383	2498_2496	0,135	0.599	0.528	72:66,128:134	1
ref	144092	144093	2496_2493	1,1	0.2237	0.1875	90:77,110:123	1
ref	143301	144006	2493_2482	0,705	0.4512	0.3892	59:67,141:133	1
ref	143162	143163	2482_2479	1,1	0.1489	0.1181	162:149,38:51	1
ref	142941	142942	2479_2476	1,1	0.8902	0.7823	32:30,168:170	1
ref	142111	142734	2476_2468	0,623	0.4531	0.3912	140:132,60:68	1
ref	141850	141851	2468_2465	1,1	0.3473	0.2903	157:148,43:52	1
ref	141749	141750	2465_2462	1,1	2.8042e-10	3.4637e-10	130:182,70:18	1
ref	141329	141330	2459_2456	1,1	0.9165	0.8339	131:129,69:71	1
ref	141104	141105	2456_2453	1,1	1	0.8364	188:187,12:13	1
ref	140796	140984	2453_2451	0,188	0.7128	0.6234	156:160,44:40	1
ref	140714	140715	2451_2448	1,1	0.845	0.6951	185:187,15:13	1
ref	140570	140571	2448_2445	1,1	0.737	0.6542	147:143,53:57	1
ref	139795	140395	2445_2434	0,600	0.8285	0.7451	140:137,60:63	1
ref	139736	139737	2434_2431	1,1	1	0.9203	96:97,104:103	1
ref	139519	139520	2431_2428	1,1	2.6463e-02	1.9150e-02	173:155,27:45	1
ref	139222	139223	2428_2425	1,1	0.7398	0.6577	141:145,59:55	1
ref	138647	138945	2425_2420	0,298	8.0756e-02	5.9096e-02	179:166,21:34	1
ref	138488	138488	2420_2403	0,1069	3.4905e-02	2.6922e-02	58:79,142:121	1
ref	138250	138251	2403_2400	1,1	0.9143	0.8296	64:62,136:138	1
ref	137953	137954	2400_2397	1,1	1	0.8595	183:182,17:18	1
ref	137792	137793	2397_2394	1,1	0.5925	0.5032	164:169,36:31	1
ref	137608	137609	2394_2391	1,1	1	0.9198	112:111,88:89	1
ref	137438	137439	2391_2388	1,1	0.5097	0.4417	145:138,55:62	1
ref	137350	137351	2388_2385	1,1	1	1	189:189,11:11	1
ref	137188	137189	2385_2382	1,1	0.284	0.2282	171:162,29:38	1
ref	136692	136692	2379_2374	0,300	0.1133	8.8400e-02	164:150,36:50	1
ref	136451	136452	2374_2371	1,1	0.6026	0.532	125:131,75:69	1
ref	136175	136175	2371_2369	0,202	0.2692	0.2196	37:47,163:153	1
ref	135647	135878	2369_2367	0,231	0.7516	0.6729	66:70,134:130	1
ref	135563	135564	2367_2364	1,1	1	0.8863	172:171,28:29	1
ref	135284	135285	2364_2361	1,1	1.2173e-26	1.0571e-25	30:133,170:67	1
ref	135068	135069	2361_2358	1,1	0.123	9.2892e-02	24:36,176:164	1
ref	134853	134854	2358_2355	1,1	0.3135	0.2628	140:150,60:50	1
ref	134663	134664	2355_2352	1,1	1	1	167:167,33:33	1
ref	134448	134449	2352_2349	1,1	0.2258	0.1895	107:120,93:80	1
ref	134037	134037	2346_2344	0,289	2.7400e-10	2.4785e-10	31:89,169:111	1
ref	133855	133856	2344_2341	1,1	1.7688e-02	1.3426e-02	112:136,88:64	1
ref	133640	133640	2341_2339	0,266	1	0.9141	138:137,62:63	1
ref	133465	133466	2339_2336	1,1	0.3437	0.2868	149:158,51:42	1
ref	133368	133369	2336_2333	1,1	8.9740e-02	6.4838e-02	182:170,18:30	1
ref	133282	133283	2333_2330	1,1	0.5818	0.5085	139:145,61:55	1
ref	133074	133075	2330_2327	1,1	0.7574	0.6803	122:126,78:74	1
ref	132757	132758	2324_2321	1,1	0.7561	0.6787	72:76,128:124	1
ref	132367	132368	2318_2315	1,1	0.5006	0.4318	142:149,58:51	1
ref	131899	131899	2312_2307	0,325	0.6475	0.5675	54:49,146:151	1
ref	131810	131811	2307_2304	1,1	0.1057	8.5768e-02	106:123,94:77	1
ref	131690	131691	2304_2301	1,1	0.832	0.7502	65:68,135:132	1
ref	131476	131477	2301_2298	1,1	1	1	169:169,31:31	1
ref	131180	131181	2298_2295	1,1	0.1475	0.119	151:137,49:63	1
ref	130882	130883	2295_2292	1,1	1	1	158:158,42:42	1
ref	130732	130733	2292_2289	1,1	0.5361	0.4703	128:121,72:79	1
ref	130567	130567	2289_2287	0,116	0.7606	0.6473	177:174,23:26	1
ref	130484	130484	2287_2282	0,403	1	0.9027	157:158,43:42	1
ref	130385	130386	2282_2279	1,1	2.8216e-05	2.0490e-05	150:182,50:18	1
ref	130091	130091	2279_2277	0,135	5.0617e-11	3.6300e-10	157:197,43:3	1
ref	129950	129950	2277_2269	0,699	1	0.909	148:149,52:51	1
ref	129843	129844	2269_2266	1,1	0.6026	0.532	125:131,75:69	1
ref	129765	129766	2266_2263	1,1	0.2465	0.2025	145:156,55:44	1
ref	129361	129688	2263_2258	0,327	0.3678	0.3169	99:109,101:91	1
ref	129265	129266	2258_2255	1,1	1	1	186:186,14:14	1
ref	129087	129088	2255_2252	1,1	0.466	0.4047	124:132,76:68	1
ref	128865	128866	2250_2247	1,1	1	0.8517	184:185,16:15	1
ref	128733	128734	2247_2244	1,1	3.7141e-03	2.7074e-03	60:89,140:111	1
ref	128549	128550	2244_2241	1,1	0.3196	0.2628	164:155,36:45	1
ref	128465	128465	2241_2239	0,141	0.1917	0.1598	102:116,98:84	1
ref	128381	128382	2239_2236	1,1	0.9197	0.8401	114:112,86:88	1
ref	128279	128280	2236_2233	1,1	6.4531e-02	5.1176e-02	113:132,87:68	1
ref	128127	128128	2233_2230	1,1	0.5818	0.5085	55:61,145:139	1
ref	127609	127610	2225_2222	1,1	0.9062	0.8135	154:152,46:48	1
ref	127545	127545	2222_2193	0,1901	0.8648	0.7331	180:182,20:18	1
ref	127446	127447	2193_2190	1,1	1	0.8991	161:162,39:38	1
ref	127305	127305	2190_2167	0,1786	1	0.9172	128:127,72:73	1
ref	127193	127194	2167_2164	1,1	0.5495	0.4725	158:152,42:48	1
ref	126946	126947	2164_2161	1,1	0.8732	0.7493	179:177,21:23	1
ref	126534	126769	2161_2159	0,235	0.6171	0.5484	101:95,99:105	1
ref	126405	126406	2159_2156	1,1	9.0493e-02	7.2243e-02	141:124,59:76	1
ref	126130	126131	2156_2153	1,1	0.8362	0.7564	127:124,73:76	1
ref	126060	126060	2153_2151	0,198	0.7639	0.6888	97:93,103:107	1
ref	124977	125845	2151_2137	0,868	1	0.9172	72:73,128:127	1
ref	124730	124731	2137_2134	1,1	0.599	0.528	128:134,72:66	1
ref	124246	124247	2129_2126	1,1	3.4019e-27	5.2431e-25	10:103,190:97	1
ref	124188	124188	2126_2121	0,251	0.1876	0.1508	51:39,149:161	1
ref	124058	124058	2121_2113	0,566	0.2773	0.2274	161:151,39:49	1
ref	123821	123822	2113_2110	1,1	1	0.9051	155:154,45:46	1
ref	123617	123617	2110_2108	0,289	0.2205	0.1814	150:138,50:62	1
ref	123529	123530	2108_2105	1,1	0.3329	0.2585	175:182,25:18	1
ref	123257	123258	2105_2102	1,1	3.1624e-02	2.2831e-02	175:158,25:42	1
ref	122970	122971	2102_2099	1,1	1	0.863	182:181,18:19	1
ref	122878	122879	2099_2096	1,1	0.14	0.114	61:76,139:124	1
ref	122586	122587	2093_2090	1,1	0.7683	0.6582	172:175,28:25	1
ref	122357	122358	2090_2087	1,1	1	0.9169	128:129,72:71	1
ref	122290	122290	2087_2085	0,155	1	0.8471	185:186,15:14	1
ref	122222	122223	2085_2082	1,1	0.402	0.3381	151:159,49:41	1
ref	122101	122102	2082_2079	1,1	1	0.8226	190:189,10:11	1
ref	122012	122013	2079_2076	1,1	0.6788	0.5805	167:171,33:29	1
ref	121664	121665	2073_2070	1,1	0.5053	0.4369	147:140,53:60	1
ref	121503	121504	2070_2067	1,1	2.0150e-23	9.3311e-23	169:73,31:127	1
ref	121343	121344	2067_2064	1,1	0.3685	0.294	178:171,22:29	1
ref	121205	121206	2064_2061	1,1	0.45	0.3643	172:178,28:22	1
ref	120946	120947	2061_2058	1,1	0.2698	0.2286	114:102,86:98	1
ref	120828	120829	2058_2055	1,1	0.3657	0.3149	95:85,105:115	1
ref	120723	120724	2055_2052	1,1	0.8331	0.7519	130:133,70:67	1
ref	120482	120483	2052_2049	1,1	0.8888	0.7794	171:169,29:31	1
ref	120214	120215	2046_2043	1,1	0.4775	0.4169	121:113,79:87	1
ref	119190	120085	2043_2026	0,895	0.4147	0.3588	76:85,124:115	1
ref	118965	118966	2026_2023	1,1	0.8156	0.7264	50:47,150:153	1
ref	118759	118759	2023_2012	0,657	1.6439e-02	1.2419e-02	140:116,60:84	1
ref	118569	118570	2012_2009	1,1	1	0.9152	134:135,66:65	1
ref	118516	118516	2009_2007	0,276	0.2215	0.1788	152:163,48:37	1
ref	118340	118341	2007_2004	1,1	1	0.9203	96:95,104:105	1
ref	118197	118197	2004_2002	0,263	0.5573	0.4331	12:16,188:184	1
ref	117599	118065	2002_1991	0,466	1	1	180:180,20:20	1
ref	117540	117541	1991_1988	1,1	0.2439	0.2037	127:139,73:61	1
ref	117304	117305	1988_1985	1,1	0.3909	0.3167	175:168,25:32	1
ref	117178	117179	1985_1982	1,1	0.4469	0.3747	158:165,42:35	1
ref	117045	117045	1979_1965	0,836	0.9093	0.8197	51:53,149:147	1
ref	116849	116850	1965_1962	1,1	0.1507	0.1237	130:115,70:85	1
ref	116790	116791	1962_1959	1,1	0.916	0.8328	69:67,131:133	1
ref	116394	116395	1956_1953	1,1	0.8888	0.7794	169:171,31:29	1
ref	116132	116133	1953_1950	1,1	0.6189	0.5339	162:157,38:43	1
ref	115982	115983	1950_1947	1,1	0.5349	0.4375	179:174,21:26	1
ref	115872	115873	1947_1944	1,1	0.3593	0.3084	124:114,76:86	1
ref	115781	115782	1944_1941	1,1	0.2632	0.2011	174:182,26:18	1
ref	115640	115641	1941_1938	1,1	0.8337	0.7528	129:132,71:68	1
ref	115511	115512	1938_1935	1,1	0.6735	0.5983	66:71,134:129	1
ref	115368	115368	1935_1924	0,898	1	0.9071	152:151,48:49	1
ref	114798	114799	1921_1918	1,1	0.3404	0.2894	138:128,62:72	1
ref	114132	114655	1918_1910	0,523	4.7703e-02	3.4427e-02	163:178,37:22	1
ref	114018	114018	1910_1908	0,84	1	0.9027	157:158,43:42	1
ref	113964	113965	1908_1905	1,1	0.5612	0.4855	154:148,46:52	1
ref	113677	113678	1905_1902	1,1	0.709	0.5748	186:183,14:17	1
ref	113556	113557	1902_1899	1,1	0.425	0.3618	152:144,48:56	1
ref	113303	113304	1899_1896	1,1	1	1	185:185,15:15	1
ref	113121	113122	1896_1893	1,1	1	0.9201	108:107,92:93	1
ref	112602	112888	1893_1891	0,286	2.7940e-10	4.9720e-10	142:189,58:11	1
ref	112478	112478	1891_1880	0,673	0.5905	0.5184	140:134,60:66	1
ref	112312	112313	1880_1877	1,1	0.3539	0.303	81:71,119:129	1
ref	112137	112138	1877_1874	1,1	0.2379	0.1844	169:178,31:22	1
ref	112036	112036	1874_1872	0,137	0.827	0.6609	190:188,10:12	1
ref	111897	111898	1872_1869	1,1	0.1222	9.6238e-02	161:147,39:53	1
ref	111689	111690	1869_1866	1,1	0.1831	0.1288	181:189,19:11	1
ref	111348	111588	1866_1864	0,240	0.6447	0.5383	174:178,26:22	1
ref	111214	111215	1864_1861	1,1	0.2431	0.1824	184:176,16:24	1
ref	110947	110948	1861_1858	1,1	0.2721	0.2167	173:164,27:36	1
ref	110733	110734	1858_1855	1,1	0.1159	8.8912e-02	42:29,158:171	1
ref	110431	110431	1852_1850	0,110	1	0.9176	125:126,75:74	1
ref	110220	110221	1850_1847	1,1	0.9203	0.8414	103:105,97:95	1
ref	109855	110126	1847_1845	0,271	0.2039	0.1659	44:56,156:144	1
ref	109502	109503	1842_1839	1,1	0.6881	0.6158	111:106,89:94	1
ref	109390	109391	1839_1836	1,1	0.4555	0.3838	156:163,44:37	1
ref	109143	109143	1836_1831	0,407	0.6171	0.5485	104:98,96:102	1
ref	108944	108944	1831_1808	0,1291	3.4204e-28	2.7831e-27	40:148,160:52	1
ref	108779	108780	1808_1805	1,1	0.845	0.6951	185:187,15:13	1
ref	108679	108680	1805_1802	1,1	0.6891	0.617	100:105,100:95	1
ref	108492	108609	1802_1800	0,117	1	0.8863	172:171,28:29	1
ref	108369	108370	1800_1797	1,1	3.6580e-24	1.8306e-23	168:70,32:130	1
ref	108290	108290	1797_1792	0,339	0.622	0.5376	161:156,39:44	1
ref	108126	108127	1792_1789	1,1	0.3273	0.2397	11:17,189:183	1
ref	107828	107829	1789_1786	1,1	0.2615	0.2207	74:86,126:114	1
ref	107706	107707	1786_1783	1,1	0.4673	0.4061	77:69,123:131	1
ref	107478	107479	1783_1780	1,1	0.1542	0.1269	89:74,111:126	1
ref	107412	107413	1780_1777	1,1	0.1932	0.1612	97:111,103:89	1
ref	107251	107320	1777_1775	0,69	3.7313e-18	5.4600e-18	47:133,153:67	1
ref	107040	107041	1772_1769	1,1	1	1	163:163,37:37	1
ref	106933	106934	1769_1766	1,1	0.1875	0.1434	168:178,32:22	1
ref	106279	106691	1766_1758	0,412	1.9597e-16	6.6613e-16	17:88,183:112	1
ref	106042	106043	1758_1755	1,1	0.4647	0.38	176:170,24:30	1
ref	105680	105681	1752_1749	1,1	9.0295e-03	6.4343e-03	170:148,30:52	1
ref	105391	105392	1749_1746	1,1	0.6747	0.5754	168:172,32:28	1
ref	105099	105100	1746_1743	1,1	0.5327	0.4666	76:69,124:131	1
ref	104668	104669	1740_1737	1,1	1	0.8661	180:181,20:19	1
ref	104564	104565	1737_1734	1,1	0.9186	0.8379	122:120,78:80	1
ref	104454	104454	1734_1732	0,258	0.2828	0.2374	142:131,58:69	1
ref	104195	104196	1732_1729	1,1	0.6822	0.6087	76:81,124:119	1
ref	104022	104023	1729_1726	1,1	0.2692	0.2243	52:63,148:137	1
ref	103873	103874	1726_1723	1,1	2.2599e-02	1.5564e-02	183:167,17:33	1
ref	103180	103181	1709_1706	1,1	0.2098	0.1713	154:142,46:58	1
ref	103100	103101	1706_1703	1,1	0.7398	0.6577	55:59,145:141	1
ref	103022	103023	1703_1700	1,1	4.7862e-05	3.7679e-05	167:192,33:8	1
ref	102755	102756	1700_1697	1,1	0.6321	0.5227	180:176,20:24	1
ref	102684	102685	1697_1694	1,1	0.9195	0.8397	116:114,84:86	1
ref	102406	102407	1694_1691	1,1	0.298	0.2343	170:178,30:22	1
ref	102280	102281	1691_1688	1,1	9.6392e-02	7.6360e-02	151:135,49:65	1
ref	102137	102138	1688_1685	1,1	1.2294e-11	1.0556e-11	43:109,157:91	1
ref	101917	101918	1685_1682	1,1	0.4841	0.4141	45:52,155:148	1
ref	101137	101823	1682_1668	0,686	0.9168	0.8345	130:128,70:72	1
ref	101051	101052	1668_1665	1,1	0.3675	0.3167	90:100,110:100	1
ref	100730	100858	1665_1663	0,128	0.4777	0.4074	150:157,50:43	1
ref	100519	100520	1663_1660	1,1	0.8168	0.7282	149:152,51:48	1
ref	100462	100463	1660_1657	1,1	0.6735	0.5983	66:71,134:129	1
ref	100105	100330	1657_1652	0,225	0.8338	0.6737	189:187,11:13	1
ref	99762	100049	1652_1650	0,287	4.8285e-02	3.7788e-02	117:137,83:63	1
ref	99603	99604	1650_1647	1,1	0.599	0.528	134:128,66:72	1
ref	99328	99329	1647_1644	1,1	0.3603	0.2857	179:172,21:28	1
ref	98884	99106	1644_1639	0,222	0.76	0.6837	121:117,79:83	1
ref	98551	98552	1636_1633	1,1	0.6803	0.5355	189:186,11:14	1
ref	98381	98382	1633_1630	1,1	2.1967e-03	1.5219e-03	26:51,174:149	1
ref	98154	98155	1630_1627	1,1	0.7718	0.6631	174:171,26:29	1
ref	97877	97877	1627_1607	0,1107	0.1464	0.1198	66:81,134:119	1
ref	97754	97755	1607_1604	1,1	0.5484	0.4838	99:106,101:94	1
ref	97572	97572	1604_1584	0,1720	0.6603	0.5826	139:144,61:56	1
ref	95582	97347	1584_1558	0,1765	0.6886	0.6163	109:104,91:96	1
ref	95390	95391	1558_1555	1,1	0.4584	0.3967	137:129,63:71	1
ref	95326	95327	1555_1552	1,1	0.2322	0.1925	145:133,55:67	1
ref	94987	95171	1552_1550	0,184	0.7384	0.656	142:146,58:54	1
ref	94699	94700	1550_1547	1,1	0.4686	0.4074	130:122,70:78	1
ref	94460	94460	1547_1545	0,65	0.1075	8.7368e-02	102:119,98:81	1
ref	94311	94311	1545_1534	0,621	0.6432	0.5624	148:153,52:47	1
ref	94167	94168	1534_1531	1,1	0.4411	0.335	183:188,17:12	1
ref	93958	93959	1531_1528	1,1	0.6136	0.5445	117:111,83:89	1
ref	91929	93714	1528_1499	0,1785	0.6899	0.5944	164:168,36:32	1
ref	91742	91743	1499_1496	1,1	3.5417e-02	2.6654e-02	142:161,58:39	1
ref	90473	91603	1496_1482	0,1130	0.2937	0.2481	64:75,136:125	1
ref	90405	90406	1482_1479	1,1	0.8648	0.7331	182:180,18:20	1
ref	89256	89256	1468_1463	0,130	0.1034	8.3655e-02	110:127,90:73	1
ref	89204	89204	1463_1461	0,171	0.7642	0.6892	98:102,102:98	1
ref	88251	88251	1454_1428	0,1729	0.4795	0.3763	185:180,15:20	1
ref	88059	88060	1428_1425	1,1	0.8313	0.7493	136:133,64:67	1
ref	87664	87665	1423_1420	1,1	2.2506e-07	2.1873e-07	149:187,51:13	1
ref	87531	87532	1420_1417	1,1	0.6879	0.6155	112:107,88:93	1
ref	87428	87429	1417_1414	1,1	0.4147	0.3588	76:85,124:115	1
ref	86982	86983	1411_1408	1,1	1	0.9095	147:148,53:52	1
ref	86772	86772	1408_1406	0,76	0.8856	0.7732	171:173,29:27	1
ref	86594	86595	1406_1403	1,1	0.4173	0.3615	112:121,88:79	1
ref	86343	86344	1403_1400	1,1	0.4678	0.3635	186:181,14:19	1
ref	86237	86238	1400_1397	1,1	1.8496e-03	1.3372e-03	77:109,123:91	1
ref	86093	86094	1397_1394	1,1	0.5008	0.419	170:164,30:36	1
ref	85897	85898	1394_1391	1,1	0.1198	9.5739e-02	136:151,64:49	1
ref	85840	85841	1391_1388	1,1	0.918	0.8368	123:125,77:75	1
ref	85175	85702	1388_1383	0,527	0.3172	0.2712	103:92,97:108	1
ref	84844	84845	1380_1377	1,1	0.7516	0.6729	130:134,70:66	1
ref	84672	84672	1377_1375	0,183	0.1027	8.3047e-02	128:111,72:89	1
ref	84302	84303	1372_1369	1,1	0.7959	0.6978	162:165,38:35	1
ref	83800	84081	1369_1364	0,281	0.8385	0.7597	121:118,79:82	1
ref	83615	83616	1364_1361	1,1	0.6447	0.5383	178:174,22:26	1
ref	83470	83471	1358_1355	1,1	0.368	0.3172	107:97,93:103	1
ref	83168	83325	1355_1353	0,157	9.3689e-02	7.1429e-02	170:156,30:44	1
ref	83104	83105	1353_1350	1,1	5.6790e-16	7.7716e-16	164:86,36:114	1
ref	82640	82641	1347_1344	1,1	1	0.9198	112:111,88:89	1
ref	81845	82465	1344_1333	0,620	0.3146	0.2687	116:105,84:95	1
ref	81605	81606	1333_1330	1,1	4.9157e-18	1.3403e-17	175:95,25:105	1
ref	81518	81519	1330_1327	1,1	0.6496	0.5699	55:50,145:150	1
ref	81313	81314	1327_1324	1,1	0.3685	0.294	178:171,22:29	1
ref	81248	81249	1324_1321	1,1	0.5115	0.3803	187:191,13:9	1
ref	80859	81051	1321_1316	0,192	0.23	0.1904	146:134,54:66	1
ref	79612	80740	1316_1296	0,1128	0.6899	0.5944	164:168,36:32	1
ref	79431	79432	1296_1293	1,1	0.7628	0.6874	109:113,91:87	1
ref	79332	79332	1293_1291	0,242	0.2174	0.175	153:164,47:36	1
ref	79214	79215	1291_1288	1,1	0.5484	0.4838	94:101,106:99	1
ref	78921	78922	1288_1285	1,1	1	1	121:121,79:79	1
ref	78799	78800	1285_1282	1,1	0.8679	0.7389	179:181,21:19	1
ref	78466	78661	1282_1280	0,195	0.3054	0.2489	33:42,167:158	1
ref	78101	78172	1280_1278	0,71	0.4358	0.373	140:148,60:52	1
ref	77914	77915	1278_1275	1,1	4.3383e-22	2.1738e-19	126:197,74:3	1
ref	77802	77803	1275_1272	1,1	0.2559	0.2152	119:131,81:69	1
ref	77641	77642	1272_1269	1,1	0.8252	0.7403	144:141,56:59	1
ref	77346	77347	1269_1266	1,1	0.1489	0.1181	149:162,51:38	1
ref	76880	76881	1260_1257	1,1	1.7582e-07	1.2292e-07	152:101,48:99	1
ref	76635	76636	1257_1254	1,1	1.6951e-12	4.0389e-12	187:131,13:69	1
ref	76406	76407	1254_1251	1,1	0.8415	0.7641	99:96,101:104	1
ref	76133	76134	1251_1248	1,1	1	0.9043	155:156,45:44	1
ref	76001	76002	1248_1245	1,1	0.4808	0.4203	108:116,92:84	1
ref	75870	75870	1245_1234	0,445	0.123	7.9338e-02	185:193,15:7	1
ref	75576	75577	1234_1231	1,1	0.5978	0.5265	129:135,71:65	1
ref	75430	75431	1231_1228	1,1	0.6141	0.5451	90:84,110:116	1
ref	75178	75179	1228_1225	1,1	5.4935e-02	4.2941e-02	144:125,56:75	1
ref	75036	75036	1225_1223	0,187	0.7718	0.6631	171:174,29:26	1
ref	74886	74887	1223_1220	1,1	7.7273e-17	1.1102e-16	53:136,147:64	1
ref	74614	74615	1220_1217	1,1	0.7196	0.632	43:47,157:153	1
ref	74386	74387	1217_1214	1,1	0.2138	0.1623	28:19,172:181	1
ref	74182	74183	1214_1211	1,1	2.3624e-02	1.7690e-02	64:43,136:157	1
ref	74077	74078	1211_1208	1,1	0.595	0.5235	137:131,63:69	1
ref	73905	73906	1208_1205	1,1	0.6879	0.6155	93:88,107:112	1
ref	73618	73619	1205_1202	1,1	1	0.9051	155:154,45:46	1
ref	73385	73386	1199_1196	1,1	1	1	30:30,170:170	1
ref	73151	73151	1196_1191	0,596	0.1534	0.1262	112:127,88:73	1
ref	73008	73073	1191_1189	0,65	0.636	0.554	49:44,151:156	1
ref	72080	72767	1189_1178	0,687	1.8244e-12	1.5535e-12	51:121,149:79	1
ref	71783	71783	1178_1173	0,272	1	1	169:169,31:31	1
ref	71690	71690	1173_1159	0,1013	1	0.9183	122:123,78:77	1
ref	71590	71591	1159_1156	1,1	0.7274	0.6419	149:153,51:47	1
ref	71303	71304	1156_1153	1,1	0.386	0.3218	163:155,37:45	1
ref	71141	71142	1153_1150	1,1	1	0.9027	42:43,158:157	1
ref	70845	70846	1150_1147	1,1	3.5483e-20	1.6100e-17	134:198,66:2	1
ref	70586	70587	1147_1144	1,1	0.7341	0.6504	145:149,55:51	1
ref	70258	70372	1144_1142	0,114	0.7364	0.6131	179:182,21:18	1
ref	69977	69978	1139_1136	1,1	0.6171	0.5484	101:95,99:105	1
ref	69893	69893	1136_1134	0,144	0.6505	0.5453	23:27,177:173	1
ref	69689	69689	1134_1126	0,397	1.7975e-02	1.3659e-02	65:89,135:111	1
ref	69632	69633	1126_1123	1,1	3.2691e-10	3.0347e-10	114:171,86:29	1
ref	68939	69017	1121_1119	0,78	0.3079	0.2621	86:75,114:125	1
ref	68333	68643	1119_1114	0,310	0.3627	0.3118	90:80,110:120	1
ref	68089	68090	1114_1111	1,1	0.475	0.4142	124:116,76:84	1
ref	67841	67842	1111_1108	1,1	4.8527e-02	3.4294e-02	182:168,18:32	1
ref	67671	67672	1108_1105	1,1	0.4826	0.4222	96:88,104:112	1
ref	67557	67558	1105_1102	1,1	0.5138	0.4461	143:136,57:64	1
ref	67386	67386	1102_1094	0,538	0.5288	0.4623	127:134,73:66	1
ref	67119	67119	1094_1089	0,299	7.1251e-13	6.0052e-13	135:63,65:137	1
ref	66623	66712	1083_1081	0,89	0.8326	0.7511	66:69,134:131	1
ref	66549	66550	1081_1078	1,1	0.2296	0.1931	102:89,98:111	1
ref	66461	66462	1078_1075	1,1	1	1	104:104,96:96	1
ref	66171	66171	1075_1073	0,236	0.5872	0.5147	64:58,136:142	1
ref	66016	66017	1073_1070	1,1	9.0197e-02	6.8451e-02	171:157,29:43	1
ref	65958	65959	1070_1067	1,1	0.6106	0.5411	116:122,84:78	1
ref	65121	65818	1067_1059	0,697	0.8976	0.7968	36:38,164:162	1
ref	64960	64960	1059_1057	0,89	0.4216	0.3659	105:114,95:86	1
ref	64168	64706	1057_1052	0,538	9.3787e-17	1.2212e-15	8:72,192:128	1
ref	64024	64025	1052_1049	1,1	0.617	0.5483	94:100,106:100	1
ref	63816	63817	1049_1046	1,1	0.484	0.4237	97:105,103:95	1
ref	63596	63596	1046_1038	0,635	5.9511e-02	4.0729e-02	187:175,13:25	1
ref	63353	63353	1038_1027	0,972	0.2672	0.2262	93:81,107:119	1
ref	63094	63095	1027_1024	1,1	0.5199	0.4398	166:160,34:40	1
ref	62876	62877	1024_1021	1,1	0.2721	0.2167	36:27,164:173	1
ref	62726	62727	1021_1018	1,1	0.8366	0.757	77:74,123:126	1
ref	61893	62457	1018_1007	0,564	0.5408	0.4754	84:77,116:123	1
ref	61632	61633	1007_1004	1,1	0.8616	0.7268	183:181,17:19	1
ref	61469	61470	1004_1001	1,1	1	1	25:25,175:175	1
ref	61145	61224	1001_999	0,79	0.5818	0.5085	145:139,55:61	1
ref	60945	60945	999_985	0,671	0.4808	0.4203	108:116,92:84	1
ref	60775	60776	985_982	1,1	3.9274e-03	2.6954e-03	179:157,21:43	1
ref	60602	60603	982_979	1,1	0.5349	0.4375	174:179,26:21	1
ref	60427	60428	979_976	1,1	0.6175	0.505	182:178,18:22	1
ref	60282	60283	976_973	1,1	1	1	112:112,88:88	1
ref	59784	60076	973_971	0,292	0.4093	0.3533	80:71,120:129	1
ref	59604	59605	971_968	1,1	4.3088e-13	3.8247e-13	51:123,149:77	1
ref	59349	59350	968_965	1,1	0.5837	0.5106	144:138,56:62	1
ref	58762	58974	962_960	0,212	0.2512	0.2025	167:157,33:43	1
ref	58571	58572	960_957	1,1	0.3455	0.2945	125:135,75:65	1
ref	58412	58413	957_954	1,1	0.9203	0.8413	96:94,104:106	1
ref	58135	58136	954_951	1,1	0.8168	0.7282	149:152,51:48	1
ref	57897	57898	951_948	1,1	0.8292	0.7462	139:136,61:64	1
ref	57829	57830	948_945	1,1	0.4678	0.3635	186:181,14:19	1
ref	57537	57538	945_942	1,1	0.3573	0.3064	84:74,116:126	1
ref	57464	57465	942_939	1,1	0.3146	0.2687	84:95,116:105	1
ref	57061	57317	939_934	0,256	0.5101	0.4098	177:182,23:18	1
ref	56805	56806	934_931	1,1	0.2632	0.2011	174:182,26:18	1
ref	56739	56739	931_929	0,238	0.92	0.8408	110:108,90:92	1
ref	56474	56474	929_927	0,62	0.5675	0.4745	169:174,31:26	1
ref	56209	56210	927_924	1,1	1	0.8846	173:172,27:28	1
ref	56059	56060	924_921	1,1	0.9081	0.8174	149:151,51:49	1
ref	55907	55908	921_918	1,1	4.2968e-02	3.2871e-02	155:136,45:64	1
ref	55258	55660	918_913	0,402	0.2559	0.2152	119:131,81:69	1
ref	55136	55137	913_910	1,1	1	1	183:183,17:17	1
ref	54864	54865	910_907	1,1	0.2583	0.2176	71:83,129:117	1
ref	54688	54689	907_904	1,1	0.7959	0.6978	165:162,35:38	1
ref	54542	54542	904_890	0,1048	1	0.909	51:52,149:148	1
ref	53755	54336	890_885	0,581	0.5638	0.4884	153:147,47:53	1
ref	53560	53561	885_882	1,1	0.5449	0.4799	90:83,110:117	1
ref	52025	53376	882_862	0,1351	0.7435	0.6625	138:142,62:58	1
ref	51755	51756	862_859	1,1	0.4731	0.4122	74:82,126:118	1
ref	51489	51490	859_856	1,1	0.5454	0.4805	116:109,84:91	1
ref	51285	51286	856_853	1,1	0.3943	0.3302	153:161,47:39	1
ref	51126	51127	853_850	1,1	0.8411	0.7635	106:109,94:91	1
ref	50991	50992	850_847	1,1	0.3861	0.3295	143:134,57:66	1
ref	50593	50795	847_845	0,202	0.3573	0.3064	126:116,74:84	1
ref	50385	50386	845_842	1,1	1	0.842	186:187,14:13	1
ref	50246	50247	842_839	1,1	6.4634e-02	5.0608e-02	70:52,130:148	1
ref	50140	50141	839_836	1,1	0.6688	0.5928	138:133,62:67	1
ref	49966	49967	836_833	1,1	1	0.8908	168:169,32:31	1
ref	49897	49898	833_830	1,1	0.3703	0.2821	186:180,14:20	1
ref	49790	49791	830_827	1,1	0.145	0.1019	188:179,12:21	1
ref	49676	49677	827_824	1,1	0.6888	0.6165	92:97,108:103	1
ref	49596	49597	824_821	1,1	0.9189	0.8386	120:118,80:82	1
ref	49351	49352	821_818	1,1	0.6157	0.5469	88:94,112:106	1
ref	49096	49097	818_815	1,1	0.7458	0.6654	140:136,60:64	1
ref	48836	48837	815_812	1,1	0.628	0.5445	159:154,41:46	1
ref	48559	48631	812_810	0,72	5.3360e-02	3.6032e-02	176:188,24:12	1
ref	48311	48312	810_807	1,1	0.2298	0.1933	103:90,97:110	1
ref	48129	48129	807_805	0,93	1	1	23:23,177:177	1
ref	47991	47992	805_802	1,1	4.9331e-02	3.7667e-02	141:159,59:41	1
ref	47503	47504	799_796	1,1	0.617	0.5483	100:106,100:94	1
ref	47314	47315	796_793	1,1	9.8475e-21	2.4052e-20	163:72,37:128	1
ref	47126	47127	793_790	1,1	0.8929	0.7876	166:168,34:32	1
ref	46908	46908	790_773	0,1018	0.6119	0.5426	120:114,80:86	1
ref	46814	46814	773_765	0,621	0.1497	0.121	136:150,64:50	1
ref	46518	46519	765_762	1,1	0.709	0.5748	186:183,14:17	1
ref	46103	46374	762_760	0,271	0.2616	0.1905	188:181,12:19	1
ref	45935	45936	760_757	1,1	0.466	0.4047	124:132,76:68	1
ref	45773	45773	757_749	0,561	0.4928	0.4235	55:48,145:152	1
ref	45679	45680	749_746	1,1	8.9740e-02	6.4838e-02	170:182,30:18	1
ref	45433	45434	746_743	1,1	0.8036	0.709	158:161,42:39	1
ref	44915	44915	741_736	0,201	0.5359	0.4574	38:44,162:156	1
ref	44709	44710	736_733	1,1	6.8615e-06	5.5157e-06	155:187,45:13	1
ref	44421	44422	733_730	1,1	0.7516	0.6729	70:66,130:134	1
ref	44301	44302	730_727	1,1	0.7782	0.6723	172:169,28:31	1
ref	42669	44076	727_707	0,1407	0.1634	0.1335	143:129,57:71	1
ref	42439	42440	707_704	1,1	0.8648	0.7331	182:180,18:20	1
ref	42379	42380	704_701	1,1	2.2381e-05	1.5925e-05	176:141,24:59	1
ref	42185	42186	701_698	1,1	0.7104	0.6203	161:157,39:43	1
ref	41962	41963	695_692	1,1	1	0.9184	78:79,122:121	1
ref	40104	41682	692_669	0,1578	0.1148	8.0613e-02	187:177,13:23	1
ref	39563	39564	666_663	1,1	1.1510e-02	8.5051e-03	153:129,47:71	1
ref	39391	39392	663_660	1,1	0.2465	0.2025	44:55,156:145	1
ref	39189	39190	660_657	1,1	0.484	0.4237	104:96,96:104	1
ref	39021	39022	657_654	1,1	2.1226e-05	1.4801e-05	167:129,33:71	1
ref	38742	38742	654_637	0,1017	0.754	0.676	131:127,69:73	1
ref	38268	38269	623_620	1,1	2.6955e-05	1.8717e-05	127:165,73:35	1
ref	38094	38094	620_588	0,1731	1.5411e-02	1.1472e-02	153:130,47:70	1
ref	37639	37640	585_582	1,1	1.4293e-26	9.7040e-26	35:139,165:61	1
ref	37550	37550	582_565	0,1184	0.9055	0.8122	153:155,47:45	1
ref	37348	37349	565_562	1,1	1.2739e-13	1.2212e-13	81:154,119:46	1
ref	36752	37125	562_557	0,373	1	1	30:30,170:170	1
ref	36665	36666	557_554	1,1	1.5811e-02	1.0819e-02	183:166,17:34	1
ref	36400	36401	554_551	1,1	0.5872	0.5147	136:142,64:58	1
ref	36276	36277	551_548	1,1	3.0885e-17	3.9236e-17	136:52,64:148	1
ref	34873	34874	528_525	1,1	2.2545e-17	1.1102e-16	184:111,16:89	1
ref	34656	34657	525_522	1,1	0.4759	0.4152	115:123,85:77	1
ref	34586	34587	522_519	1,1	2.7242e-02	2.1083e-02	96:119,104:81	1
ref	34358	34359	519_516	1,1	0.8648	0.7331	180:182,20:18	1
ref	34279	34279	516_514	0,149	1	0.8922	168:167,32:33	1
ref	34108	34199	514_512	0,91	0.7595	0.6831	122:118,78:82	1
ref	33783	33784	501_498	1,1	0.807	0.7139	156:159,44:41	1
ref	32943	33562	498_487	0,619	9.6732e-02	6.3023e-02	183:192,17:8	1
ref	32693	32693	487_464	0,1644	0.2069	0.1686	143:155,57:45	1
ref	32441	32442	464_461	1,1	0.4709	0.4001	152:159,48:41	1
ref	31782	32164	461_456	0,382	6.7789e-02	4.5598e-02	178:189,22:11	1
ref	30943	31496	456_448	0,553	0.5408	0.4754	77:84,123:116	1
ref	30810	30811	448_445	1,1	0.5189	0.4196	181:176,19:24	1
ref	29982	30273	442_440	0,291	0.9127	0.8264	58:60,142:140	1
ref	29529	29530	438_435	1,1	0.4832	0.4229	102:110,98:90	1
ref	29345	29346	435_432	1,1	2.4954e-12	2.8900e-12	28:92,172:108	1
ref	29208	29209	432_429	1,1	0.3004	0.244	159:168,41:32	1
ref	29113	29114	429_426	1,1	0.2194	0.1726	173:163,27:37	1
ref	28649	29011	426_421	0,362	0.7547	0.6769	74:70,126:130	1
ref	28568	28569	421_418	1,1	0.7628	0.6874	113:109,87:91	1
ref	28288	28288	418_413	0,340	0.4616	0.4001	135:127,65:73	1
ref	28061	28062	413_410	1,1	1	0.9174	73:74,127:126	1
ref	27872	27873	410_407	1,1	0.616	0.5472	105:111,95:89	1
ref	27783	27784	407_404	1,1	1.0451e-02	7.8304e-03	108:134,92:66	1
ref	27551	27552	404_401	1,1	0.615	0.5461	108:114,92:86	1
ref	27486	27487	401_398	1,1	2.4459e-02	1.8361e-02	135:156,65:44	1
ref	27361	27362	398_395	1,1	0.4678	0.3635	19:14,181:186	1
ref	27112	27113	395_392	1,1	1	1	171:171,29:29	1
ref	27035	27036	392_389	1,1	0.7839	0.6805	167:170,33:30	1
ref	26742	26743	389_386	1,1	0.7325	0.6484	50:54,150:146	1
ref	26535	26536	386_383	1,1	0.2069	0.1686	143:155,57:45	1
ref	26266	26267	383_380	1,1	1	0.9051	154:155,46:45	1
ref	26098	26099	380_377	1,1	0.9136	0.8281	140:138,60:62	1
ref	25751	25822	377_375	0,71	0.9109	0.8228	146:144,54:56	1
ref	25510	25669	375_370	0,159	1.3007e-31	6.1773e-28	195:98,5:102	1
ref	25218	25219	370_367	1,1	0.4698	0.4087	129:121,71:79	1
ref	24927	24928	367_364	1,1	0.3329	0.2585	182:175,18:25	1
ref	24828	24829	364_361	1,1	0.3327	0.2818	58:68,142:132	1
ref	24681	24682	361_358	1,1	0.3611	0.3102	122:112,78:88	1
ref	24553	24554	358_355	1,1	0.5809	0.461	182:186,18:14	1
ref	24312	24313	355_352	1,1	0.752	0.635	179:176,21:24	1
ref	23515	23937	349_344	0,422	0.595	0.5235	63:69,137:131	1
ref	23238	23239	344_341	1,1	0.1199	9.2410e-02	170:157,30:43	1
ref	23134	23134	341_339	0,253	0.1774	0.1166	186:193,14:7	1
ref	23075	23076	339_336	1,1	1	0.9197	88:87,112:113	1
ref	22613	22855	336_334	0,242	4.4593e-02	3.1232e-02	169:183,31:17	1
ref	22248	22249	329_326	1,1	0.1793	0.1482	132:118,68:82	1
ref	22131	22131	326_309	0,1231	0.1897	0.158	106:120,94:80	1
ref	22041	22042	309_306	1,1	1.7258e-20	2.0637e-19	106:186,94:14	1
ref	20953	21969	306_292	0,1016	0.1908	0.159	96:82,104:118	1
ref	20571	20667	292_290	0,96	0.5818	0.5085	145:139,55:61	1
ref	20374	20375	290_287	1,1	0.1052	8.5288e-02	107:124,93:76	1
ref	20098	20099	287_284	1,1	1	1	121:121,79:79	1
ref	19854	19855	284_281	1,1	0.3114	0.2655	110:121,90:79	1
ref	19579	19580	281_278	1,1	0.3539	0.303	129:119,71:81	1
ref	19353	19522	278_276	0,169	0.1136	9.0204e-02	61:46,139:154	1
ref	19174	19175	276_273	1,1	0.5921	0.5201	139:133,61:67	1
ref	19039	19040	273_270	1,1	1	0.8959	164:165,36:35	1
ref	18946	18947	270_267	1,1	1	0.8808	175:174,25:26	1
ref	18802	18802	267_265	0,113	1.4217e-17	1.8530e-17	60:145,140:55	1
ref	18502	18503	265_262	1,1	0.9081	0.8174	149:151,51:49	1
ref	18355	18355	262_251	0,638	1	0.8743	178:177,22:23	1
ref	18284	18285	251_248	1,1	1	0.8743	177:178,23:22	1
ref	17276	17277	240_237	1,1	0.49	0.4205	146:153,54:47	1
ref	17194	17195	237_234	1,1	0.8996	0.8007	38:40,162:160	1
ref	17008	17009	234_231	1,1	0.9165	0.8339	69:71,131:129	1
ref	16946	16947	231_228	1,1	0.6171	0.5485	102:96,98:104	1
ref	16661	16662	228_225	1,1	5.2198e-02	3.3923e-02	191:180,9:20	1
ref	16426	16427	225_222	1,1	0.2632	0.2011	182:174,18:26	1
ref	16314	16314	222_220	0,94	0.6549	0.5012	188:191,12:9	1
ref	15950	15951	217_214	1,1	1	0.901	40:41,160:159	1
ref	15719	15720	214_211	1,1	1	0.9203	103:104,97:96	1
ref	15431	15432	208_205	1,1	0.5809	0.461	186:182,14:18	1
ref	15232	15232	205_203	0,213	0.9047	0.8107	156:154,44:46	1
ref	14941	14942	203_200	1,1	0.7626	0.687	110:114,90:86	1
ref	14551	14838	200_198	0,287	0.5381	0.4725	126:119,74:81	1
ref	14393	14394	198_195	1,1	1	0.8558	184:183,16:17	1
ref	14205	14291	195_193	0,86	1	1	186:186,14:14	1
ref	14005	14006	193_190	1,1	0.1579	0.1284	132:146,68:54	1
ref	13710	13711	190_187	1,1	0.5272	0.4288	175:180,25:20	1
ref	13553	13554	187_184	1,1	0.7488	0.6694	137:133,63:67	1
ref	13107	13108	181_178	1,1	0.3131	0.249	168:176,32:24	1
ref	12930	12931	178_175	1,1	0.6036	0.5332	76:70,124:130	1
ref	12652	12653	175_172	1,1	0.4899	0.4071	34:28,166:172	1
ref	11725	12525	172_161	0,800	0.7255	0.6396	46:50,154:150	1
ref	11444	11445	161_158	1,1	5.5985e-02	4.2603e-02	37:54,163:146	1
ref	11344	11344	158_153	0,405	0.369	0.3122	141:150,59:50	1
ref	11048	11247	153_151	0,199	0.9147	0.8303	135:137,65:63	1
ref	10836	10837	151_148	1,1	0.3089	0.263	87:76,113:124	1
ref	10634	10635	148_145	1,1	1	0.9106	54:55,146:145	1
ref	10527	10528	145_142	1,1	0.5395	0.4614	39:45,161:155	1
ref	10298	10299	142_139	1,1	0.7255	0.6396	150:154,50:46	1
ref	10082	10083	139_136	1,1	0.845	0.6951	185:187,15:13	1
ref	9949	9950	136_133	1,1	0.5925	0.5032	169:164,31:36	1
ref	9736	9737	133_130	1,1	0.2733	0.2236	48:38,152:162	1
ref	9223	9482	130_125	0,259	0.2291	0.1927	100:113,100:87	1
ref	9038	9039	125_122	1,1	0.404	0.3478	67:76,133:124	1
ref	8400	8782	122_117	0,382	0.7937	0.6946	166:163,34:37	1
ref	8161	8162	117_114	1,1	0.6559	0.552	24:28,176:172	1
ref	7950	7951	114_111	1,1	0.6126	0.5433	81:87,119:113	1
ref	7785	7786	111_108	1,1	8.9378e-02	6.9067e-02	149:164,51:36	1
ref	7709	7710	108_105	1,1	0.1875	0.1434	168:178,32:22	1
ref	7540	7541	105_102	1,1	8.5424e-02	6.2961e-02	178:165,22:35	1
ref	6479	7317	102_88	0,838	0.146	0.1102	178:167,22:33	1
ref	6392	6392	88_86	0,256	1.0792e-06	7.3327e-07	110:61,90:139	1
ref	6115	6116	86_83	1,1	3.7243e-03	2.4969e-03	185:165,15:35	1
ref	5933	5934	83_80	1,1	2.4011e-04	1.6890e-04	189:165,11:35	1
ref	5727	5728	80_77	1,1	0.1613	0.1335	105:90,95:110	1
ref	5623	5623	77_75	0,121	1	0.8299	189:188,11:12	1
ref	5405	5406	75_72	1,1	4.9555e-02	3.8867e-02	85:65,115:135	1
ref	5186	5187	72_69	1,1	0.6704	0.57	169:173,31:27	1
ref	4938	4939	69_66	1,1	1	0.8471	185:186,15:14	1
ref	4869	4870	66_63	1,1	0.6154	0.5465	113:107,87:93	1
ref	4770	4771	63_60	1,1	0.661	0.5584	171:175,29:25	1
ref	4423	4424	57_54	1,1	0.6964	0.6027	162:166,38:34	1
ref	3945	4128	52_50	0,183	0.2275	0.1911	104:117,96:83	1
ref	3749	3749	50_48	0,80	4.9535e-03	3.6591e-03	121:92,79:108	1
ref	3552	3553	48_45	1,1	0.5327	0.4666	124:131,76:69	1
ref	3426	3427	45_42	1,1	0.8498	0.7042	186:184,14:16	1
ref	2824	2825	37_34	1,1	1	0.897	163:164,37:36	1
ref	2711	2712	34_31	1,1	1.0039e-05	8.1861e-06	159:189,41:11	1
ref	2655	2656	31_28	1,1	0.7567	0.6795	123:127,77:73	1
ref	2485	2486	28_25	1,1	0.1077	8.6348e-02	56:72,144:128	1
ref	2340	2341	25_22	1,1	0.9081	0.8174	151:149,49:51	1
ref	1682	2117	22_14	0,435	1.1376e-10	9.0808e-11	108:45,92:155	1
ref	1397	1545	14_12	0,148	0.6156	0.53	163:158,37:42	1
ref	1283	1284	12_9	1,1	0.1199	9.2410e-02	157:170,43:30	1
ref	411	989	9_1	0,578	0.2	0.1588	168:157,32:43	1
ref	11344	11344	157_154	1,1	0.6982	0.5761	24:23,35:27	2
ref	12284	12285	171_168	1,1	0.1272	0.1214	37:48,117:102	2
ref	12125	12126	168_165	1,1	0.6464	0.5673	80:73,74:77	2
ref	11874	11875	165_162	1,1	0.1894	0.1651	128:133,26:17	2
ref	17556	17557	244_241	1,1	0.752	0.635	176:179,24:21	2
ref	18355	18355	261_258	1,1	0.3726	0.286	8:12,14:11	2
ref	18355	18355	258_255	1,1	9.1605e-03	4.8647e-03	22:16,0:7	2
ref	21847	21848	305_302	1,1	0.8269	0.7324	94:105,10:13	2
ref	21593	21594	302_299	1,1	1.3605e-05	2.3912e-05	101:92,3:26	2
ref	21326	21327	299_296	1,1	0.783	0.7221	39:47,65:71	2
ref	21050	21051	296_293	1,1	7.0854e-02	5.2571e-02	98:102,6:16	2
ref	22131	22131	325_322	1,1	0.2493	0.215	80:73,14:7	2
ref	22131	22131	322_319	1,1	0.2628	0.2419	89:72,5:8	2
ref	22131	22131	319_316	1,1	1	0.9713	88:75,6:5	2
ref	22131	22131	316_313	1,1	0.6931	0.6184	76:67,18:13	2
ref	22131	22131	313_310	1,1	0.6503	0.6218	47:37,47:43	2
ref	22337	22337	333_330	1,1	0.6084	0.4642	4:6,3:2	2
ref	23651	23652	348_345	1,1	0.224	0.2163	71:58,66:73	2
ref	28288	28288	417_414	1,1	0.6872	0.6458	39:40,96:87	2
ref	28920	28921	425_422	1,1	0.5446	0.5157	57:57,17:13	2
ref	31240	31241	455_452	1,1	0.6188	0.5287	113:109,10:7	2
ref	31118	31119	452_449	1,1	0.6512	0.5766	28:30,95:86	2
ref	32045	32046	460_457	1,1	0.9159	0.8835	74:80,104:109	2
ref	32693	32693	486_483	1,1	0.3599	0.291	52:38,5:7	2
ref	32693	32693	483_480	1,1	4.5241e-02	3.3866e-02	31:15,26:30	2
ref	32693	32693	480_477	1,1	1	0.9247	51:40,6:5	2
ref	32693	32693	477_474	1,1	0.3163	0.2519	29:28,28:17	2
ref	32693	32693	474_471	1,1	0.53	0.4609	52:39,5:6	2
ref	32693	32693	471_468	1,1	0.6297	0.5304	11:11,46:34	2
ref	33436	33437	497_494	1,1	1	0.899	170:179,13:13	2
ref	33256	33257	494_491	1,1	4.9607e-02	4.7557e-02	90:114,93:78	2
ref	33095	33096	491_488	1,1	0.4986	0.4503	125:138,58:54	2
ref	34042	34042	511_508	1,1	0.5147	0.2102	4:2,10:1	2
ref	34042	34042	508_505	1,1	0.1912	0.1186	3:2,11:1	2
ref	35877	35878	547_544	1,1	0.1634	0.1335	143:129,57:71	2
ref	35522	35523	541_538	1,1	1	1	183:183,17:17	2
ref	35336	35337	538_535	1,1	0.8348	0.7543	70:73,130:127	2
ref	35251	35252	535_532	1,1	0.916	0.8328	133:131,67:69	2
ref	35177	35178	532_529	1,1	8.1590e-05	5.6370e-05	158:121,42:79	2
ref	36967	36968	561_558	1,1	0.6517	0.5725	111:106,59:64	2
ref	37550	37550	566_569	1,1	0.8021	0.6923	11:9,36:36	2
ref	37550	37550	569_572	1,1	0.7994	0.7159	9:10,38:35	2
ref	37550	37550	572_575	1,1	0.4121	0.315	37:39,10:6	2
ref	37550	37550	575_578	1,1	1	0.9487	43:41,4:4	2
ref	37550	37550	578_581	1,1	7.5145e-02	5.4266e-02	11:19,36:26	2
ref	38094	38094	616_613	1,1	0.5273	0.4327	36:49,11:21	2
ref	38094	38094	613_610	1,1	1.5560e-05	8.6624e-06	17:54,30:16	2
ref	38094	38094	610_607	1,1	0.5742	0.5212	25:33,22:37	2
ref	38094	38094	607_604	1,1	1	0.9073	25:38,22:32	2
ref	38094	38094	604_601	1,1	0.7061	0.6208	24:39,23:31	2
ref	38094	38094	601_598	1,1	6.3009e-02	4.1890e-02	28:54,19:16	2
ref	38094	38094	598_595	1,1	0.5218	0.3593	44:62,3:8	2
ref	38094	38094	595_592	1,1	0.4218	0.3862	17:20,30:50	2
ref	38094	38094	592_589	1,1	0.5675	0.5101	21:27,26:43	2
ref	38454	38454	636_633	1,1	0.5368	0.3065	11:6,1:2	2
ref	38454	38454	633_630	1,1	1	0.7982	10:7,2:1	2
ref	38454	38454	630_627	1,1	2.8102e-02	1.7060e-02	4:7,8:1	2
ref	38454	38454	627_624	1,1	0.3563	0.2508	3:4,9:4	2
ref	38742	38742	653_650	1,1	0.867	0.836	30:33,39:40	2
ref	38742	38742	650_647	1,1	0.76	0.6808	63:68,6:5	2
ref	38742	38742	647_644	1,1	0.4965	0.4271	31:28,38:45	2
ref	38742	38742	644_641	1,1	0.3821	0.3418	42:50,27:23	2
ref	41403	41404	691_688	1,1	6.2596e-11	7.4480e-11	64:121,123:56	2
ref	41323	41324	688_685	1,1	0.8685	0.756	22:19,165:158	2
ref	41059	41060	685_682	1,1	1.2957e-17	1.1102e-16	96:161,91:16	2
ref	40922	40923	682_679	1,1	0.8796	0.8343	162:152,25:25	2
ref	40778	40779	679_676	1,1	0.8796	0.8343	162:152,25:25	2
ref	40499	40500	676_673	1,1	0.8203	0.7398	59:53,128:124	2
ref	40223	40224	673_670	1,1	0.6507	0.6447	132:121,55:56	2
ref	43853	43854	726_723	1,1	0.8668	0.7574	120:110,23:19	2
ref	43629	43630	723_720	1,1	9.7879e-16	2.5646e-13	143:88,0:41	2
ref	43403	43404	720_717	1,1	1	0.9598	55:50,88:79	2
ref	43263	43264	717_714	1,1	1	0.9199	84:75,59:54	2
ref	43046	43047	714_711	1,1	0.5063	0.4257	118:111,25:18	2
ref	42955	42956	711_708	1,1	1	0.843	136:122,7:7	2
ref	44915	44915	740_737	1,1	0.3211	0.3013	112:116,50:40	2
ref	45773	45773	756_753	1,1	0.6165	0.5596	46:38,9:10	2
ref	45773	45773	753_750	1,1	1.6016e-03	1.3228e-03	17:30,38:18	2
ref	46814	46814	772_769	1,1	0.7091	0.6322	87:100,49:50	2
ref	46814	46814	769_766	1,1	0.9055	0.8457	61:69,75:81	2
ref	46908	46908	789_786	1,1	0.7958	0.7083	73:77,7:9	2
ref	46908	46908	786_783	1,1	0.1843	0.1655	72:71,8:15	2
ref	46908	46908	783_780	1,1	1	0.8481	68:74,12:12	2
ref	46908	46908	780_777	1,1	0.8227	0.6806	68:75,12:11	2
ref	46908	46908	777_774	1,1	0.5682	0.5343	62:70,18:16	2
ref	53212	53213	881_878	1,1	2.8000e-02	2.0189e-02	132:125,6:17	2
ref	52708	52709	875_872	1,1	0.4275	0.3643	36:44,102:98	2
ref	52524	52525	872_869	1,1	0.3742	0.3273	123:121,15:21	2
ref	52433	52434	869_866	1,1	0.8476	0.7614	124:126,14:16	2
ref	52189	52190	866_863	1,1	0.5239	0.467	96:93,42:49	2
ref	54036	54037	889_886	1,1	0.7147	0.6293	99:99,54:48	2
ref	54542	54542	903_900	1,1	0.2284	0.1838	34:28,17:24	2
ref	54542	54542	897_894	1,1	0.2384	0.2015	27:21,24:31	2
ref	54542	54542	894_891	1,1	1	0.9567	39:40,12:12	2
ref	55411	55412	917_914	1,1	0.83	0.826	13:12,68:57	2
ref	57172	57173	935_938	1,1	0.4376	0.3694	18:16,5:2	2
ref	60945	60945	998_995	1,1	0.1098	0.1019	45:61,63:55	2
ref	60945	60945	995_992	1,1	0.3493	0.2847	50:62,58:54	2
ref	60945	60945	992_989	1,1	0.4867	0.4249	91:93,17:23	2
ref	60945	60945	989_986	1,1	0.8844	0.8388	75:82,33:34	2
ref	62238	62239	1017_1014	1,1	0.35	0.336	103:104,13:19	2
ref	63353	63353	1037_1034	1,1	0.5939	0.5495	60:62,47:57	2
ref	63353	63353	1034_1031	1,1	0.2337	0.225	59:56,48:63	2
ref	63353	63353	1031_1028	1,1	0.3637	0.3438	93:98,14:21	2
ref	63596	63596	1045_1042	1,1	0.4068	0.2894	9:21,4:4	2
ref	63596	63596	1042_1039	1,1	1	0.9734	12:23,1:2	2
ref	64463	64464	1056_1053	1,1	8.6806e-02	7.4781e-02	84:69,108:59	2
ref	65601	65602	1066_1063	1,1	1	0.9438	47:47,117:115	2
ref	67119	67119	1093_1090	1,1	0.5777	0.5414	27:15,108:48	2
ref	67386	67386	1101_1098	1,1	5.2991e-02	3.3772e-02	69:55,4:11	2
ref	67386	67386	1098_1095	1,1	0.26	0.1843	68:57,5:9	2
ref	68553	68554	1118_1115	1,1	0.7409	0.7374	26:25,64:55	2
ref	69689	69689	1133_1130	1,1	0.8714	0.8581	29:41,36:48	2
ref	71690	71690	1169_1166	1,1	0.8547	0.8168	59:57,19:20	2
ref	71690	71690	1166_1163	1,1	0.4904	0.454	22:26,56:51	2
ref	71783	71783	1177_1174	1,1	0.2695	0.2142	141:132,28:37	2
ref	72495	72496	1188_1185	1,1	0.1305	0.1089	24:73,27:48	2
ref	72379	72380	1185_1182	1,1	0.3151	0.3007	18:53,33:68	2
ref	72288	72289	1182_1179	1,1	0.564	0.5478	37:93,14:28	2
ref	73151	73151	1195_1192	1,1	0.5354	0.4788	71:62,17:11	2
ref	75870	75870	1244_1241	1,1	1	0.8233	10:5,5:2	2
ref	75870	75870	1241_1238	1,1	1	0.6654	10:4,5:3	2
ref	75870	75870	1238_1235	1,1	0.5646	0.3881	2:2,13:5	2
ref	80474	80475	1315_1312	1,1	6.1166e-07	4.4414e-07	66:114,98:54	2
ref	80419	80420	1312_1309	1,1	0.7026	0.6968	126:126,38:42	2
ref	80154	80155	1306_1303	1,1	0.3445	0.3282	55:48,109:120	2
ref	80047	80048	1303_1300	1,1	1	0.9568	138:141,26:27	2
ref	79814	79815	1300_1297	1,1	0.6604	0.5891	83:90,81:78	2
ref	80957	80958	1320_1317	1,1	0.5433	0.521	134:120,12:14	2
ref	82318	82319	1343_1340	1,1	1	0.965	56:51,60:54	2
ref	82172	82173	1340_1337	1,1	0.7855	0.7152	68:59,48:46	2
ref	81959	81960	1337_1334	1,1	1	0.8591	110:99,6:6	2
ref	83958	83959	1368_1365	1,1	0.2997	0.2778	71:61,50:57	2
ref	85449	85450	1384_1387	1,1	7.5608e-02	6.0085e-02	58:78,39:30	2
ref	88251	88251	1450_1447	1,1	0.8333	0.8191	79:79,106:101	2
ref	88251	88251	1447_1444	1,1	1.1452e-02	9.0541e-03	127:145,58:35	2
ref	88251	88251	1444_1441	1,1	0.1927	0.1841	73:59,112:121	2
ref	88251	88251	1441_1438	1,1	0.3468	0.3223	86:93,99:87	2
ref	88251	88251	1438_1435	1,1	0.4775	0.4088	158:148,27:32	2
ref	88251	88251	1432_1429	1,1	0.3692	0.308	142:146,43:34	2
ref	88616	88617	1458_1455	1,1	0.1181	7.3638e-02	1:3,9:3	2
ref	89256	89256	1467_1464	1,1	0.8588	0.7908	67:53,23:20	2
ref	91408	91409	1495_1492	1,1	1	0.9897	100:92,36:33	2
ref	91153	91154	1492_1489	1,1	0.5966	0.5411	115:109,21:16	2
ref	90899	90900	1489_1486	1,1	1.9569e-16	4.4409e-16	36:96,100:29	2
ref	90650	90651	1486_1483	1,1	0.734	0.6423	116:104,20:21	2
ref	93500	93501	1527_1524	1,1	1.3337e-16	2.2204e-16	47:124,117:44	2
ref	93322	93323	1524_1521	1,1	0.1471	0.1333	141:134,23:34	2
ref	93188	93189	1521_1518	1,1	0.5121	0.5048	76:84,88:84	2
ref	93069	93070	1518_1515	1,1	0.6602	0.5908	84:91,80:77	2
ref	92878	92879	1515_1512	1,1	0.814	0.7485	51:55,113:113	2
ref	92720	92721	1512_1509	1,1	0.1655	0.1522	102:117,62:51	2
ref	92425	92426	1509_1506	1,1	0.5815	0.5219	77:73,87:95	2
ref	92184	92185	1506_1503	1,1	2.1681e-02	1.9032e-02	96:119,68:49	2
ref	92054	92055	1503_1500	1,1	0.8132	0.7903	112:117,52:51	2
ref	94311	94311	1544_1541	1,1	1	0.8752	38:35,14:12	2
ref	94311	94311	1538_1535	1,1	0.3739	0.3055	35:36,17:11	2
ref	97152	97153	1583_1580	1,1	1.2047e-13	1.7724e-11	0:38,91:58	2
ref	96998	96999	1580_1577	1,1	0.4656	0.4347	45:42,46:54	2
ref	96894	96895	1577_1574	1,1	0.3065	0.2853	45:40,46:56	2
ref	96661	96662	1574_1571	1,1	1	0.9723	69:73,22:23	2
ref	96453	96454	1571_1568	1,1	4.9524e-02	3.4034e-02	88:85,3:11	2
ref	96219	96220	1568_1565	1,1	0.3504	0.3343	77:76,14:20	2
ref	95954	95955	1565_1562	1,1	0.293	0.228	74:71,17:25	2
ref	95778	95779	1562_1559	1,1	0.8644	0.7585	70:72,21:24	2
ref	97572	97572	1603_1600	1,1	1	0.9877	48:44,13:12	2
ref	97572	97572	1600_1597	1,1	9.3586e-02	6.8631e-02	32:20,29:36	2
ref	97572	97572	1597_1594	1,1	0.5329	0.4225	54:52,7:4	2
ref	97572	97572	1594_1591	1,1	0.8435	0.7777	41:39,20:17	2
ref	97572	97572	1591_1588	1,1	0.854	0.8141	34:30,27:26	2
ref	97877	97877	1626_1623	1,1	1	0.8895	40:50,26:31	2
ref	97877	97877	1623_1620	1,1	0.2498	0.2064	58:76,8:5	2
ref	97877	97877	1620_1617	1,1	0.5215	0.4214	52:68,14:13	2
ref	97877	97877	1617_1614	1,1	2.4373e-02	1.6139e-02	8:23,58:58	2
ref	97877	97877	1614_1611	1,1	8.2708e-02	7.8609e-02	17:32,49:49	2
ref	97877	97877	1611_1608	1,1	0.2499	0.2357	31:46,35:35	2
ref	99029	99030	1643_1640	1,1	0.1422	0.1298	28:18,93:99	2
ref	100230	100231	1656_1653	1,1	1.2515e-02	1.0136e-02	143:161,46:26	2
ref	101638	101639	1681_1678	1,1	0.2045	0.1807	91:99,39:29	2
ref	101428	101429	1675_1672	1,1	0.305	0.2612	85:75,45:53	2
ref	101343	101344	1672_1669	1,1	0.178	0.1565	106:95,24:33	2
ref	106524	106525	1765_1762	1,1	1	0.9582	14:72,3:16	2
ref	106455	106456	1762_1759	1,1	0.4584	0.3236	16:75,1:13	2
ref	108290	108290	1796_1793	1,1	1.5749e-02	1.3377e-02	22:13,17:31	2
ref	108944	108944	1830_1827	1,1	2.2792e-05	3.3276e-05	80:43,80:9	2
ref	108944	108944	1827_1824	1,1	1	0.9038	128:42,32:10	2
ref	108944	108944	1824_1821	1,1	1	0.9894	46:15,114:37	2
ref	108944	108944	1821_1818	1,1	1	0.8357	143:47,17:5	2
ref	108944	108944	1818_1815	1,1	0.6055	0.5323	112:34,48:18	2
ref	108944	108944	1815_1812	1,1	0.3654	0.2395	134:47,26:5	2
ref	108944	108944	1812_1809	1,1	0.1476	0.1226	38:18,122:34	2
ref	112478	112478	1890_1887	1,1	0.1614	0.151	47:58,13:8	2
ref	112478	112478	1887_1884	1,1	1	1	50:55,10:11	2
ref	112478	112478	1884_1881	1,1	0.7664	0.6643	55:59,5:7	2
ref	114500	114501	1917_1914	1,1	0.477	0.3617	32:17,5:5	2
ref	114383	114384	1914_1911	1,1	1	0.9836	10:6,27:16	2
ref	115368	115368	1934_1931	1,1	0.8392	0.768	26:28,22:21	2
ref	115368	115368	1931_1928	1,1	0.5439	0.4806	24:28,24:21	2
ref	115368	115368	1928_1925	1,1	0.4682	0.3602	39:36,9:13	2
ref	117045	117045	1978_1975	1,1	0.4826	0.416	13:10,38:43	2
ref	117045	117045	1975_1972	1,1	0.6855	0.6392	34:33,17:20	2
ref	117045	117045	1972_1969	1,1	0.3591	0.2472	47:45,4:8	2
ref	117045	117045	1969_1966	1,1	0.8437	0.8116	31:31,20:22	2
ref	118008	118009	2001_1998	1,1	1	1	73:73,107:107	2
ref	117837	117838	1998_1995	1,1	0.121	9.5205e-02	41:55,139:125	2
ref	117738	117739	1995_1992	1,1	0.6651	0.5883	113:108,67:72	2
ref	118759	118759	2022_2019	1,1	1	0.8057	57:79,3:5	2
ref	118759	118759	2019_2016	1,1	0.4031	0.3964	30:36,30:48	2
ref	118759	118759	2016_2013	1,1	0.5663	0.5402	43:64,17:20	2
ref	119369	119370	2027_2030	1,1	3.8186e-06	3.8522e-06	115:80,9:35	2
ref	119544	119545	2030_2033	1,1	0.8516	0.7416	106:100,18:15	2
ref	119607	119608	2033_2036	1,1	0.4989	0.4524	100:97,24:18	2
ref	119851	119852	2036_2039	1,1	5.0990e-04	4.1951e-04	11:30,113:85	2
ref	119997	119998	2039_2042	1,1	0.2855	0.2526	108:94,16:21	2
ref	124058	124058	2120_2117	1,1	0.791	0.6031	32:38,7:11	2
ref	124058	124058	2117_2114	1,1	6.0710e-02	5.2237e-02	7:18,32:31	2
ref	124188	124188	2125_2122	1,1	0.1527	0.1489	106:126,43:35	2
ref	125055	125056	2138_2141	1,1	0.7061	0.6642	55:58,73:69	2
ref	125274	125275	2141_2144	1,1	0.6652	0.5882	94:97,34:30	2
ref	125562	125563	2144_2147	1,1	0.4908	0.4639	94:88,34:39	2
ref	125739	125740	2147_2150	1,1	0.8016	0.7484	59:56,69:71	2
ref	127305	127305	2189_2186	1,1	1.8805e-06	2.0203e-06	37:64,35:9	2
ref	127305	127305	2186_2183	1,1	0.8683	0.8076	38:40,34:33	2
ref	127305	127305	2183_2180	1,1	1	0.883	55:55,17:18	2
ref	127305	127305	2180_2177	1,1	0.614	0.5454	44:41,28:32	2
ref	127305	127305	2177_2174	1,1	0.1292	7.4489e-02	3:9,69:64	2
ref	127305	127305	2174_2171	1,1	0.293	0.2639	45:52,27:21	2
ref	127305	127305	2171_2168	1,1	0.1826	0.158	36:45,36:28	2
ref	127545	127545	2221_2218	1,1	1	0.7817	12:10,8:8	2
ref	127545	127545	2215_2212	1,1	0.1305	8.3721e-02	7:2,13:16	2
ref	127545	127545	2212_2209	1,1	8.6009e-02	6.0637e-02	11:15,9:3	2
ref	127545	127545	2209_2206	1,1	0.3071	0.2071	15:10,5:8	2
ref	127545	127545	2206_2203	1,1	4.3419e-02	3.0570e-02	10:15,10:3	2
ref	127545	127545	2203_2200	1,1	1	0.9113	18:16,2:2	2
ref	127545	127545	2200_2197	1,1	0.7521	0.7032	11:11,9:7	2
ref	127545	127545	2197_2194	1,1	0.7446	0.5359	8:9,12:9	2
ref	129620	129621	2262_2259	1,1	6.9278e-02	6.1631e-02	71:90,28:19	2
ref	129950	129950	2276_2273	1,1	0.1007	7.5951e-02	23:14,29:37	2
ref	129950	129950	2273_2270	1,1	0.3896	0.2666	43:46,9:5	2
ref	130484	130484	2286_2283	1,1	0.8256	0.7573	27:25,16:17	2
ref	131899	131899	2311_2308	1,1	0.5537	0.5441	23:18,31:31	2
ref	136692	136692	2378_2375	1,1	0.8177	0.7665	64:61,100:89	2
ref	138488	138488	2419_2416	1,1	0.4044	0.3364	43:64,15:15	2
ref	138488	138488	2416_2413	1,1	0.4826	0.4492	25:29,33:50	2
ref	138488	138488	2413_2410	1,1	0.2215	0.1648	37:41,21:38	2
ref	138488	138488	2410_2407	1,1	0.478	0.3867	38:46,20:33	2
ref	138488	138488	2407_2404	1,1	0.3015	0.2064	56:72,2:7	2
ref	138732	138733	2424_2421	1,1	0.3554	0.3485	52:56,127:110	2
ref	140230	140231	2444_2441	1,1	1	0.7869	56:58,4:5	2
ref	140149	140150	2441_2438	1,1	1	0.8781	37:38,23:25	2
ref	139937	139938	2438_2435	1,1	0.3156	0.2648	54:60,6:3	2
ref	142585	142586	2475_2472	1,1	0.1001	7.8494e-02	96:103,44:29	2
ref	142370	142371	2472_2469	1,1	0.6384	0.5613	129:124,11:8	2
ref	143867	143868	2492_2489	1,1	0.1072	8.2894e-02	32:26,27:41	2
ref	143577	143578	2489_2486	1,1	0.6116	0.5869	50:59,9:8	2
ref	143467	143468	2486_2483	1,1	0.5913	0.523	28:28,31:39	2
ref	144807	144807	2520_2517	1,1	0.4289	0.3478	8:20,16:64	2
ref	144807	144807	2517_2514	1,1	0.2026	9.3959e-02	24:75,0:9	2
ref	144807	144807	2508_2505	1,1	3.9230e-02	3.2006e-02	23:64,1:20	2
ref	146118	146118	2545_2542	1,1	2.9270e-02	2.3298e-02	28:37,49:30	2
ref	146118	146118	2542_2539	1,1	0.849	0.7641	19:18,58:49	2
ref	148975	148975	2587_2584	1,1	0.8605	0.7385	154:155,19:17	2
ref	148975	148975	2584_2581	1,1	0.1055	9.7913e-02	36:49,137:123	2
ref	148975	148975	2581_2578	1,1	0.5509	0.495	121:126,52:46	2
ref	150602	150602	2615_2612	1,1	0.4398	0.3895	48:41,90:96	2
ref	150602	150602	2612_2609	1,1	0.1522	0.1392	132:125,6:12	2
ref	150602	150602	2609_2606	1,1	4.0317e-02	3.4456e-02	75:57,63:80	2
ref	150602	150602	2606_2603	1,1	0.8778	0.7803	111:112,27:25	2
ref	151097	151098	2626_2623	1,1	0.325	0.1888	61:65,7:3	2
ref	150976	150977	2623_2620	1,1	1	0.7706	62:61,6:7	2
ref	150848	150849	2620_2617	1,1	0.303	0.2295	32:39,36:29	2
ref	153721	153722	2665_2662	1,1	1	0.8824	32:23,5:4	2
ref	153518	153519	2662_2659	1,1	0.3222	0.2926	17:16,20:11	2
ref	153252	153253	2659_2656	1,1	0.5861	0.4325	13:7,24:20	2
ref	153186	153187	2656_2653	1,1	0.4541	0.4009	18:16,19:11	2
ref	154041	154041	2685_2682	1,1	0.1612	8.8249e-02	32:4,46:1	2
ref	154041	154041	2682_2679	1,1	1.9830e-02	1.4285e-02	34:5,44:0	2
ref	154041	154041	2679_2676	1,1	0.6758	0.6247	38:3,40:2	2
ref	154041	154041	2676_2673	1,1	0.3818	0.3401	30:3,48:2	2
ref	154041	154041	2670_2667	1,1	0.649	0.4383	49:4,29:1	2
ref	155088	155088	2703_2700	1,1	0.7546	0.692	115:125,25:24	2
ref	157352	157353	2734_2731	1,1	1	0.9371	155:160,16:17	2
ref	156926	156927	2728_2725	1,1	0.3182	0.3061	104:117,67:60	2
ref	156641	156642	2725_2722	1,1	0.7767	0.6738	143:145,28:32	2
ref	156516	156517	2722_2719	1,1	0.4918	0.4186	142:141,29:36	2
ref	158906	158906	2772_2769	1,1	0.1753	0.1573	70:76,27:18	2
ref	158906	158906	2769_2766	1,1	0.6444	0.5392	67:61,30:33	2
ref	158906	158906	2766_2763	1,1	0.8736	0.8532	69:68,28:26	2
ref	158906	158906	2763_2760	1,1	0.484	0.4426	74:76,23:18	2
ref	158906	158906	2760_2757	1,1	0.6619	0.5895	44:39,53:55	2
ref	158906	158906	2757_2754	1,1	0.3946	0.3305	77:69,20:25	2
ref	161539	161540	2816_2813	1,1	0.4287	0.4054	120:116,34:41	2
ref	161480	161481	2813_2810	1,1	0.7328	0.6784	86:84,68:73	2
ref	161340	161341	2810_2807	1,1	0.908	0.8356	61:64,93:93	2
ref	160846	160847	2804_2801	1,1	0.7029	0.6269	110:116,44:41	2
ref	160615	160616	2801_2798	1,1	6.1705e-02	5.1189e-02	136:126,18:31	2
ref	164002	164003	2851_2848	1,1	3.9929e-04	3.3878e-04	122:139,27:7	2
ref	163719	163720	2848_2845	1,1	0.2994	0.2861	104:110,45:36	2
ref	163520	163521	2845_2842	1,1	2.6688e-02	2.3571e-02	59:77,90:69	2
ref	163468	163469	2842_2839	1,1	0.5577	0.5342	88:81,61:65	2
ref	163243	163244	2836_2833	1,1	0.3028	0.2637	124:114,25:32	2
ref	163005	163006	2833_2830	1,1	0.7186	0.708	96:91,53:55	2
ref	162749	162750	2830_2827	1,1	0.6112	0.5411	127:128,22:18	2
ref	165554	165555	2871_2868	1,1	0.261	0.2131	41:43,26:17	2
ref	165127	165128	2865_2862	1,1	0.7065	0.5894	64:56,3:4	2
ref	165050	165051	2862_2859	1,1	0.5821	0.5087	23:24,44:36	2
ref	164789	164790	2859_2856	1,1	0.4191	0.3858	48:47,19:13	2
ref	168457	168458	2916_2913	1,1	0.4036	0.3509	98:112,84:79	2
ref	168234	168235	2913_2910	1,1	1	0.9517	89:94,93:97	2
ref	168133	168134	2910_2907	1,1	0.8627	0.8427	165:172,17:19	2
ref	170233	170234	2941_2938	1,1	0.858	0.7923	105:88,21:16	2
ref	170528	170528	2946_2943	1,1	1	0.8494	25:20,3:2	2
ref	170735	170735	2954_2951	1,1	0.1967	0.1529	47:54,36:26	2
ref	170735	170735	2951_2948	1,1	0.5177	0.4519	11:14,72:66	2
ref	173908	173909	3004_3001	1,1	0.1192	9.9722e-02	153:168,35:24	2
ref	173741	173742	3001_2998	1,1	0.6061	0.5575	168:175,20:17	2
ref	173592	173593	2998_2995	1,1	0.9079	0.9024	138:142,50:50	2
ref	173298	173299	2995_2992	1,1	0.8323	0.7893	12:11,176:181	2
ref	172928	172929	2989_2986	1,1	1	0.9349	162:166,26:26	2
ref	172668	172669	2986_2983	1,1	3.4309e-23	1.8549e-22	63:159,125:33	2
ref	172574	172575	2983_2980	1,1	0.9186	0.9105	99:100,89:92	2
ref	172499	172500	2980_2977	1,1	0.1559	0.1351	133:122,55:70	2
ref	172411	172412	2977_2974	1,1	0.7937	0.7181	151:157,37:35	2
ref	172120	172121	2974_2971	1,1	0.4966	0.4518	167:175,21:17	2
ref	171910	171911	2971_2968	1,1	8.2427e-06	9.1752e-06	176:149,12:43	2
ref	171636	171637	2968_2965	1,1	0.5382	0.4746	96:91,92:101	2
ref	176449	176449	3053_3050	1,1	1	0.5957	8:8,2:1	2
ref	176449	176449	3050_3047	1,1	1	0.9372	9:8,1:1	2
ref	178542	178543	3086_3083	1,1	0.4813	0.4112	62:55,92:99	2
ref	178328	178329	3083_3080	1,1	0.2099	0.1441	145:138,9:16	2
ref	179316	179316	3093_3096	1,1	0.8659	0.8165	82:71,25:20	2
ref	180677	180677	3126_3123	1,1	1	0.6052	9:5,2:2	2
ref	180677	180677	3123_3120	1,1	1	0.7324	10:6,1:1	2
ref	180677	180677	3120_3117	1,1	1	0.8288	9:6,2:1	2
ref	180677	180677	3117_3114	1,1	1	0.6287	5:4,6:3	2
ref	184689	184690	3183_3180	1,1	0.173	0.1586	131:147,59:48	2
ref	186292	186293	3212_3209	1,1	0.4684	0.4096	163:148,26:30	2
ref	186069	186070	3209_3206	1,1	0.7242	0.6406	140:128,49:50	2
ref	185988	185989	3206_3203	1,1	0.1089	0.1026	141:119,48:59	2
ref	185908	185909	3203_3200	1,1	0.1443	0.1319	103:83,86:95	2
ref	185836	185837	3200_3197	1,1	0.6908	0.6817	155:143,34:35	2
ref	185735	185736	3197_3194	1,1	2.9402e-11	3.1576e-11	46:104,143:74	2
ref	185672	185673	3194_3191	1,1	0.6319	0.5936	168:155,21:23	2
ref	185384	185385	3191_3188	1,1	0.6662	0.6631	122:111,67:67	2
ref	185214	185215	3188_3185	1,1	0.1444	0.1378	107:87,82:91	2
ref	186979	186980	3226_3223	1,1	1	0.9789	80:74,87:80	2
ref	186903	186904	3223_3220	1,1	6.5422e-19	3.6078e-18	16:84,151:70	2
ref	186836	186837	3220_3217	1,1	0.897	0.88	40:38,127:116	2
ref	188548	188548	3249_3246	1,1	0.1075	5.4529e-02	19:13,4:10	2
ref	188548	188548	3243_3240	1,1	1	0.7531	15:16,8:7	2
ref	188548	188548	3240_3237	1,1	0.7222	0.4747	19:17,4:6	2
ref	192154	192154	3305_3302	1,1	0.6984	0.6195	65:63,61:52	2
ref	192154	192154	3302_3299	1,1	1	0.9337	41:38,85:77	2
ref	192154	192154	3299_3296	1,1	1.5465e-09	2.2774e-09	60:97,66:18	2
ref	192154	192154	3296_3293	1,1	1.4296e-04	1.3117e-04	83:100,43:15	2
ref	195531	195531	3355_3352	1,1	0.3283	0.1659	58:19,6:0	2
ref	195531	195531	3352_3349	1,1	0.4155	0.3795	44:11,20:8	2
ref	195531	195531	3349_3346	1,1	0.4176	0.3098	39:14,25:5	2
ref	196172	196172	3398_3395	1,1	0.1899	0.1575	54:70,21:16	2
ref	196172	196172	3392_3389	1,1	4.5913e-02	2.8714e-02	67:84,8:2	2
ref	196172	196172	3389_3386	1,1	1.6533e-05	1.1509e-05	22:55,53:31	2
ref	196172	196172	3386_3383	1,1	0.1038	9.8611e-02	22:36,53:50	2
ref	196172	196172	3383_3380	1,1	0.5874	0.5503	17:23,58:63	2
ref	196172	196172	3380_3377	1,1	0.3416	0.271	31:43,44:43	2
ref	196172	196172	3377_3374	1,1	0.4653	0.3869	21:19,54:67	2
ref	196172	196172	3374_3371	1,1	0.1068	9.6577e-02	41:58,34:28	2
ref	196172	196172	3371_3368	1,1	0.2493	0.1901	44:59,31:27	2
ref	196172	196172	3368_3365	1,1	0.3015	0.2805	50:64,25:22	2
ref	197302	197303	3417_3414	1,1	1	0.8232	13:8,4:3	2
ref	196891	196892	3411_3408	1,1	0.4188	0.3276	11:9,6:2	2
ref	196621	196622	3408_3405	1,1	0.5053	0.2378	15:11,2:0	2
ref	199696	199697	3450_3447	1,1	5.7444e-02	4.5396e-02	11:23,78:74	2
ref	199460	199461	3447_3444	1,1	1	0.9025	54:58,35:39	2
ref	200771	200772	3461_3458	1,1	0.5643	0.5282	131:137,31:27	2
ref	200554	200555	3458_3455	1,1	0.1831	0.1771	96:85,66:79	2
ref	200360	200361	3455_3452	1,1	1	0.9764	60:61,102:103	2
ref	201393	201393	3478_3475	1,1	0.5021	0.4672	24:38,38:47	2
ref	201393	201393	3475_3472	1,1	5.3600e-03	4.3447e-03	52:53,10:32	2
ref	201393	201393	3472_3469	1,1	0.2301	0.1747	34:56,28:29	2
ref	201949	201950	3486_3483	1,1	0.1423	0.124	140:120,40:50	2
ref	203110	203111	3503_3500	1,1	0.213	0.1303	50:88,7:5	2
ref	202917	202918	3500_3497	1,1	0.1712	0.1116	48:86,9:7	2
ref	202728	202729	3497_3494	1,1	1	0.8994	16:27,41:66	2
ref	202512	202513	3494_3491	1,1	0.2508	0.1797	54:82,3:11	2
ref	204726	204727	3524_3521	1,1	0.9004	0.8174	137:139,40:43	2
ref	204513	204514	3521_3518	1,1	0.6762	0.6218	164:171,13:11	2
ref	205295	205295	3544_3541	1,1	0.5792	0.5165	17:22,53:87	2
ref	205295	205295	3541_3538	1,1	0.2405	0.2215	16:17,54:92	2
ref	205295	205295	3538_3535	1,1	0.7587	0.6922	30:50,40:59	2
ref	205295	205295	3535_3532	1,1	0.3711	0.2999	67:100,3:9	2
ref	205295	205295	3532_3529	1,1	6.4913e-14	9.8568e-12	69:55,1:54	2
ref	205295	205295	3529_3526	1,1	0.5945	0.5235	51:84,19:25	2
ref	206025	206026	3561_3558	1,1	0.3387	0.2427	8:12,75:64	2
ref	205816	205817	3558_3555	1,1	0.6331	0.5464	40:33,43:43	2
ref	205620	205621	3555_3552	1,1	0.7511	0.6732	41:35,42:41	2
ref	205511	205512	3552_3549	1,1	0.5948	0.4848	62:53,21:23	2
ref	206949	206949	3587_3584	1,1	1	0.6788	3:2,5:2	2
ref	206949	206949	3584_3581	1,1	0.4909	0.1573	5:4,3:0	2
ref	206949	206949	3581_3578	1,1	1	0.4602	7:4,1:0	2
ref	208905	208905	3626_3623	1,1	0.2826	0.2038	22:34,19:17	2
ref	208905	208905	3623_3620	1,1	0.6739	0.6538	26:30,15:21	2
ref	208905	208905	3620_3617	1,1	0.8237	0.812	28:36,13:15	2
ref	211535	211535	3668_3665	1,1	4.5277e-03	2.9072e-03	24:40,27:13	2
ref	211992	211992	3682_3679	1,1	0.3095	0.2747	10:9,10:4	2
ref	213911	213911	3717_3714	1,1	0.1971	0.1853	127:102,38:43	2
ref	214403	214404	3725_3722	1,1	0.3854	0.3498	171:163,9:13	2
ref	214306	214307	3722_3719	1,1	0.5209	0.4719	106:97,74:79	2
ref	218933	218933	3807_3804	1,1	1	0.8911	11:12,11:13	2
ref	218933	218933	3804_3801	1,1	1.2331e-02	5.3913e-03	10:21,12:4	2
ref	218933	218933	3801_3798	1,1	1	0.8307	13:14,9:11	2
ref	218933	218933	3798_3795	1,1	0.5488	0.3913	15:14,7:11	2
ref	218933	218933	3795_3792	1,1	0.4796	0.3461	16:21,6:4	2
ref	218933	218933	3792_3789	1,1	0.5488	0.3913	7:11,15:14	2
ref	218933	218933	3789_3786	1,1	0.7057	0.5624	19:20,3:5	2
ref	221555	221556	3844_3841	1,1	0.3517	0.3296	141:137,28:20	2
ref	221278	221279	3841_3838	1,1	0.3513	0.309	157:150,12:7	2
ref	221171	221172	3838_3835	1,1	0.8974	0.8834	128:120,41:37	2
ref	220924	220925	3835_3832	1,1	0.2666	0.2331	117:118,52:39	2
ref	224920	224921	3897_3894	1,1	0.8987	0.8402	82:90,47:49	2
ref	224495	224496	3891_3888	1,1	9.3985e-08	8.9648e-08	77:38,52:101	2
ref	226728	226728	3938_3935	1,1	1	0.9302	55:42,19:14	2
ref	226728	226728	3935_3932	1,1	0.3313	0.3239	18:18,56:38	2
ref	226728	226728	3932_3929	1,1	1	0.9658	61:46,13:10	2
ref	226728	226728	3929_3926	1,1	3.0204e-06	1.1316e-05	50:55,24:1	2
ref	226728	226728	3926_3923	1,1	1	0.8678	68:51,6:5	2
ref	232286	232287	4023_4026	1,1	0.5976	0.493	18:21,2:1	2
ref	232467	232468	4026_4029	1,1	0.3465	0.1877	1:4,19:18	2
ref	232645	232646	4029_4032	1,1	0.741	0.5885	7:6,13:16	2
ref	237239	237240	4089_4086	1,1	0.7641	0.7021	119:123,25:29	2
ref	238416	238416	4108_4105	1,1	1	0.7968	4:3,3:3	2
ref	239010	239011	4122_4119	1,1	0.527	0.4873	104:124,43:43	2
ref	238904	238905	4119_4116	1,1	4.8256e-02	3.6574e-02	103:134,44:33	2
ref	238766	238767	4116_4113	1,1	0.8521	0.7139	133:149,14:18	2
ref	239420	239420	4136_4133	1,1	0.4825	0.4065	3:5,71:64	2
ref	239420	239420	4133_4130	1,1	0.1189	0.1074	43:49,31:20	2
ref	239420	239420	4130_4127	1,1	0.8204	0.6811	11:12,63:57	2
ref	239420	239420	4127_4124	1,1	0.5534	0.5312	59:52,15:17	2
ref	241397	241398	4164_4161	1,1	0.7326	0.6226	121:113,19:21	2
ref	243377	243378	4189_4186	1,1	1.6317e-02	1.0492e-02	161:138,8:20	2
ref	243251	243252	4186_4183	1,1	0.5747	0.5334	67:68,102:90	2
ref	242987	242988	4183_4180	1,1	1	0.932	10:9,159:149	2
ref	242829	242830	4180_4177	1,1	0.9072	0.8367	112:103,57:55	2
ref	246810	246811	4248_4245	1,1	8.3714e-02	6.9849e-02	41:56,108:94	2
ref	246662	246663	4245_4242	1,1	4.2138e-02	3.3045e-02	121:106,28:44	2
ref	246483	246484	4242_4239	1,1	0.2982	0.2801	105:114,44:36	2
ref	246296	246297	4239_4236	1,1	6.4010e-02	5.6310e-02	71:88,78:62	2
ref	245995	245996	4233_4230	1,1	0.2505	0.2147	38:48,111:102	2
ref	245932	245933	4230_4227	1,1	0.7982	0.6169	142:141,7:9	2
ref	245742	245743	4227_4224	1,1	1.4940e-15	2.8866e-15	30:98,119:52	2
ref	245646	245647	4224_4221	1,1	0.4609	0.4423	131:136,18:14	2
ref	245594	245595	4221_4218	1,1	0.9079	0.8591	80:79,69:71	2
ref	245350	245351	4218_4215	1,1	0.8653	0.8461	129:131,20:19	2
ref	245144	245145	4215_4212	1,1	0.9081	0.8624	75:74,74:76	2
ref	245081	245082	4212_4209	1,1	0.5568	0.5243	86:92,63:58	2
ref	247246	247246	4259_4256	1,1	0.18	0.1514	88:63,31:34	2
ref	247246	247246	4256_4253	1,1	0.8868	0.7819	77:61,42:36	2
ref	247411	247411	4267_4264	1,1	0.3001	0.2395	77:76,26:17	2
ref	9404	9405	129_126	1,1	0.4507	0.423	74:78,26:35	2
ref	8697	8698	121_118	1,1	1	0.9614	153:150,13:13	2
ref	7181	7182	101_98	1,1	1.0046e-02	7.4261e-03	142:112,36:55	2
ref	6872	6873	95_92	1,1	0.8233	0.7417	111:107,67:60	2
ref	3156	3157	41_38	1,1	4.9862e-28	3.8389e-26	81:180,110:14	2
ref	2060	2061	21_18	1,1	1	0.9898	44:74,48:81	2
ref	1836	1837	18_15	1,1	0.1229	0.1157	57:111,35:44	2
ref	747	748	8_5	1,1	0.1279	0.1139	20:34,12:9	2
ref	589	590	5_2	1,1	0.6438	0.571	15:23,17:20	2
