gene_name	chr	start	end
gene_0	1	100000	100100
gene_1	2	110000	110100
gene_2	3	120000	120100
gene_3	4	130000	130100
gene_4	5	140000	140100
gene_5	6	150000	150100
gene_6	7	160000	160100
gene_7	8	170000	170100
gene_8	9	180000	180100
gene_9	10	190000	190100
gene_10	1	200000	200100
gene_11	2	210000	210100
gene_12	3	220000	220100
gene_13	4	230000	230100
gene_14	5	240000	240100
gene_15	6	250000	250100
gene_16	7	260000	260100
gene_17	8	270000	270100
gene_18	9	280000	280100
gene_19	10	290000	290100
gene_20	1	300000	300100
gene_21	2	310000	310100
gene_22	3	320000	320100
gene_23	4	330000	330100
gene_24	5	340000	340100
gene_25	6	350000	350100
gene_26	7	360000	360100
gene_27	8	370000	370100
gene_28	9	380000	380100
gene_29	10	390000	390100
gene_30	1	400000	400100
gene_31	2	410000	410100
gene_32	3	420000	420100
gene_33	4	430000	430100
gene_34	5	440000	440100
gene_35	6	450000	450100
gene_36	7	460000	460100
gene_37	8	470000	470100
gene_38	9	480000	480100
gene_39	10	490000	490100
gene_40	1	500000	500100
gene_41	2	510000	510100
gene_42	3	520000	520100
gene_43	4	530000	530100
gene_44	5	540000	540100
gene_45	6	550000	550100
gene_46	7	560000	560100
gene_47	8	570000	570100
gene_48	9	580000	580100
gene_49	10	590000	590100
gene_50	1	600000	600100
gene_51	2	610000	610100
gene_52	3	620000	620100
gene_53	4	630000	630100
gene_54	5	640000	640100
gene_55	6	650000	650100
gene_56	7	660000	660100
gene_57	8	670000	670100
gene_58	9	680000	680100
gene_59	10	690000	690100
gene_60	1	700000	700100
gene_61	2	710000	710100
gene_62	3	720000	720100
gene_63	4	730000	730100
gene_64	5	740000	740100
gene_65	6	750000	750100
gene_66	7	760000	760100
gene_67	8	770000	770100
gene_68	9	780000	780100
gene_69	10	790000	790100
gene_70	1	800000	800100
gene_71	2	810000	810100
gene_72	3	820000	820100
gene_73	4	830000	830100
gene_74	5	840000	840100
gene_75	6	850000	850100
gene_76	7	860000	860100
gene_77	8	870000	870100
gene_78	9	880000	880100
gene_79	10	890000	890100
gene_80	1	900000	900100
gene_81	2	910000	910100
gene_82	3	920000	920100
gene_83	4	930000	930100
gene_84	5	940000	940100
gene_85	6	950000	950100
gene_86	7	960000	960100
gene_87	8	970000	970100
gene_88	9	980000	980100
gene_89	10	990000	990100
gene_90	1	1000000	1000100
gene_91	2	1010000	1010100
gene_92	3	1020000	1020100
gene_93	4	1030000	1030100
gene_94	5	1040000	1040100
gene_95	6	1050000	1050100
gene_96	7	1060000	1060100
gene_97	8	1070000	1070100
gene_98	9	1080000	1080100
gene_99	10	1090000	1090100
gene_100	1	1100000	1100100
gene_101	2	1110000	1110100
gene_102	3	1120000	1120100
gene_103	4	1130000	1130100
gene_104	5	1140000	1140100
gene_105	6	1150000	1150100
gene_106	7	1160000	1160100
gene_107	8	1170000	1170100
gene_108	9	1180000	1180100
gene_109	10	1190000	1190100
gene_110	1	1200000	1200100
gene_111	2	1210000	1210100
gene_112	3	1220000	1220100
gene_113	4	1230000	1230100
gene_114	5	1240000	1240100
gene_115	6	1250000	1250100
gene_116	7	1260000	1260100
gene_117	8	1270000	1270100
gene_118	9	1280000	1280100
gene_119	10	1290000	1290100
gene_120	1	1300000	1300100
gene_121	2	1310000	1310100
gene_122	3	1320000	1320100
gene_123	4	1330000	1330100
gene_124	5	1340000	1340100
gene_125	6	1350000	1350100
gene_126	7	1360000	1360100
gene_127	8	1370000	1370100
gene_128	9	1380000	1380100
gene_129	10	1390000	1390100
gene_130	1	1400000	1400100
gene_131	2	1410000	1410100
gene_132	3	1420000	1420100
gene_133	4	1430000	1430100
gene_134	5	1440000	1440100
gene_135	6	1450000	1450100
gene_136	7	1460000	1460100
gene_137	8	1470000	1470100
gene_138	9	1480000	1480100
gene_139	10	1490000	1490100
gene_140	1	1500000	1500100
gene_141	2	1510000	1510100
gene_142	3	1520000	1520100
gene_143	4	1530000	1530100
gene_144	5	1540000	1540100
gene_145	6	1550000	1550100
gene_146	7	1560000	1560100
gene_147	8	1570000	1570100
gene_148	9	1580000	1580100
gene_149	10	1590000	1590100
gene_150	1	1600000	1600100
gene_151	2	1610000	1610100
gene_152	3	1620000	1620100
gene_153	4	1630000	1630100
gene_154	5	1640000	1640100
gene_155	6	1650000	1650100
gene_156	7	1660000	1660100
gene_157	8	1670000	1670100
gene_158	9	1680000	1680100
gene_159	10	1690000	1690100
gene_160	1	1700000	1700100
gene_161	2	1710000	1710100
gene_162	3	1720000	1720100
gene_163	4	1730000	1730100
gene_164	5	1740000	1740100
gene_165	6	1750000	1750100
gene_166	7	1760000	1760100
gene_167	8	1770000	1770100
gene_168	9	1780000	1780100
gene_169	10	1790000	1790100
gene_170	1	1800000	1800100
gene_171	2	1810000	1810100
gene_172	3	1820000	1820100
gene_173	4	1830000	1830100
gene_174	5	1840000	1840100
gene_175	6	1850000	1850100
gene_176	7	1860000	1860100
gene_177	8	1870000	1870100
gene_178	9	1880000	1880100
gene_179	10	1890000	1890100
gene_180	1	1900000	1900100
gene_181	2	1910000	1910100
gene_182	3	1920000	1920100
gene_183	4	1930000	1930100
gene_184	5	1940000	1940100
gene_185	6	1950000	1950100
gene_186	7	1960000	1960100
gene_187	8	1970000	1970100
gene_188	9	1980000	1980100
gene_189	10	1990000	1990100
gene_190	1	2000000	2000100
gene_191	2	2010000	2010100
gene_192	3	2020000	2020100
gene_193	4	2030000	2030100
gene_194	5	2040000	2040100
gene_195	6	2050000	2050100
gene_196	7	2060000	2060100
gene_197	8	2070000	2070100
gene_198	9	2080000	2080100
gene_199	10	2090000	2090100
gene_200	1	2100000	2100100
gene_201	2	2110000	2110100
gene_202	3	2120000	2120100
gene_203	4	2130000	2130100
gene_204	5	2140000	2140100
gene_205	6	2150000	2150100
gene_206	7	2160000	2160100
gene_207	8	2170000	2170100
gene_208	9	2180000	2180100
gene_209	10	2190000	2190100
gene_210	1	2200000	2200100
gene_211	2	2210000	2210100
gene_212	3	2220000	2220100
gene_213	4	2230000	2230100
gene_214	5	2240000	2240100
gene_215	6	2250000	2250100
gene_216	7	2260000	2260100
gene_217	8	2270000	2270100
gene_218	9	2280000	2280100
gene_219	10	2290000	2290100
gene_220	1	2300000	2300100
gene_221	2	2310000	2310100
gene_222	3	2320000	2320100
gene_223	4	2330000	2330100
gene_224	5	2340000	2340100
gene_225	6	2350000	2350100
gene_226	7	2360000	2360100
gene_227	8	2370000	2370100
gene_228	9	2380000	2380100
gene_229	10	2390000	2390100
gene_230	1	2400000	2400100
gene_231	2	2410000	2410100
gene_232	3	2420000	2420100
gene_233	4	2430000	2430100
gene_234	5	2440000	2440100
gene_235	6	2450000	2450100
gene_236	7	2460000	2460100
gene_237	8	2470000	2470100
gene_238	9	2480000	2480100
gene_239	10	2490000	2490100
gene_240	1	2500000	2500100
gene_241	2	2510000	2510100
gene_242	3	2520000	2520100
gene_243	4	2530000	2530100
gene_244	5	2540000	2540100
gene_245	6	2550000	2550100
gene_246	7	2560000	2560100
gene_247	8	2570000	2570100
gene_248	9	2580000	2580100
gene_249	10	2590000	2590100
gene_250	1	2600000	2600100
gene_251	2	2610000	2610100
gene_252	3	2620000	2620100
gene_253	4	2630000	2630100
gene_254	5	2640000	2640100
gene_255	6	2650000	2650100
gene_256	7	2660000	2660100
gene_257	8	2670000	2670100
gene_258	9	2680000	2680100
gene_259	10	2690000	2690100
gene_260	1	2700000	2700100
gene_261	2	2710000	2710100
gene_262	3	2720000	2720100
gene_263	4	2730000	2730100
gene_264	5	2740000	2740100
gene_265	6	2750000	2750100
gene_266	7	2760000	2760100
gene_267	8	2770000	2770100
gene_268	9	2780000	2780100
gene_269	10	2790000	2790100
gene_270	1	2800000	2800100
gene_271	2	2810000	2810100
gene_272	3	2820000	2820100
gene_273	4	2830000	2830100
gene_274	5	2840000	2840100
gene_275	6	2850000	2850100
gene_276	7	2860000	2860100
gene_277	8	2870000	2870100
gene_278	9	2880000	2880100
gene_279	10	2890000	2890100
gene_280	1	2900000	2900100
gene_281	2	2910000	2910100
gene_282	3	2920000	2920100
gene_283	4	2930000	2930100
gene_284	5	2940000	2940100
gene_285	6	2950000	2950100
gene_286	7	2960000	2960100
gene_287	8	2970000	2970100
gene_288	9	2980000	2980100
gene_289	10	2990000	2990100
gene_290	1	3000000	3000100
gene_291	2	3010000	3010100
gene_292	3	3020000	3020100
gene_293	4	3030000	3030100
gene_294	5	3040000	3040100
gene_295	6	3050000	3050100
gene_296	7	3060000	3060100
gene_297	8	3070000	3070100
gene_298	9	3080000	3080100
gene_299	10	3090000	3090100
gene_300	1	3100000	3100100
gene_301	2	3110000	3110100
gene_302	3	3120000	3120100
gene_303	4	3130000	3130100
gene_304	5	3140000	3140100
gene_305	6	3150000	3150100
gene_306	7	3160000	3160100
gene_307	8	3170000	3170100
gene_308	9	3180000	3180100
gene_309	10	3190000	3190100
gene_310	1	3200000	3200100
gene_311	2	3210000	3210100
gene_312	3	3220000	3220100
gene_313	4	3230000	3230100
gene_314	5	3240000	3240100
gene_315	6	3250000	3250100
gene_316	7	3260000	3260100
gene_317	8	3270000	3270100
gene_318	9	3280000	3280100
gene_319	10	3290000	3290100
gene_320	1	3300000	3300100
gene_321	2	3310000	3310100
gene_322	3	3320000	3320100
gene_323	4	3330000	3330100
gene_324	5	3340000	3340100
gene_325	6	3350000	3350100
gene_326	7	3360000	3360100
gene_327	8	3370000	3370100
gene_328	9	3380000	3380100
gene_329	10	3390000	3390100
gene_330	1	3400000	3400100
gene_331	2	3410000	3410100
gene_332	3	3420000	3420100
gene_333	4	3430000	3430100
gene_334	5	3440000	3440100
gene_335	6	3450000	3450100
gene_336	7	3460000	3460100
gene_337	8	3470000	3470100
gene_338	9	3480000	3480100
gene_339	10	3490000	3490100
gene_340	1	3500000	3500100
gene_341	2	3510000	3510100
gene_342	3	3520000	3520100
gene_343	4	3530000	3530100
gene_344	5	3540000	3540100
gene_345	6	3550000	3550100
gene_346	7	3560000	3560100
gene_347	8	3570000	3570100
gene_348	9	3580000	3580100
gene_349	10	3590000	3590100
gene_350	1	3600000	3600100
gene_351	2	3610000	3610100
gene_352	3	3620000	3620100
gene_353	4	3630000	3630100
gene_354	5	3640000	3640100
gene_355	6	3650000	3650100
gene_356	7	3660000	3660100
gene_357	8	3670000	3670100
gene_358	9	3680000	3680100
gene_359	10	3690000	3690100
gene_360	1	3700000	3700100
gene_361	2	3710000	3710100
gene_362	3	3720000	3720100
gene_363	4	3730000	3730100
gene_364	5	3740000	3740100
gene_365	6	3750000	3750100
gene_366	7	3760000	3760100
gene_367	8	3770000	3770100
gene_368	9	3780000	3780100
gene_369	10	3790000	3790100
gene_370	1	3800000	3800100
gene_371	2	3810000	3810100
gene_372	3	3820000	3820100
gene_373	4	3830000	3830100
gene_374	5	3840000	3840100
gene_375	6	3850000	3850100
gene_376	7	3860000	3860100
gene_377	8	3870000	3870100
gene_378	9	3880000	3880100
gene_379	10	3890000	3890100
gene_380	1	3900000	3900100
gene_381	2	3910000	3910100
gene_382	3	3920000	3920100
gene_383	4	3930000	3930100
gene_384	5	3940000	3940100
gene_385	6	3950000	3950100
gene_386	7	3960000	3960100
gene_387	8	3970000	3970100
gene_388	9	3980000	3980100
gene_389	10	3990000	3990100
gene_390	1	4000000	4000100
gene_391	2	4010000	4010100
gene_392	3	4020000	4020100
gene_393	4	4030000	4030100
gene_394	5	4040000	4040100
gene_395	6	4050000	4050100
gene_396	7	4060000	4060100
gene_397	8	4070000	4070100
gene_398	9	4080000	4080100
gene_399	10	4090000	4090100
gene_400	1	4100000	4100100
gene_401	2	4110000	4110100
gene_402	3	4120000	4120100
gene_403	4	4130000	4130100
gene_404	5	4140000	4140100
gene_405	6	4150000	4150100
gene_406	7	4160000	4160100
gene_407	8	4170000	4170100
gene_408	9	4180000	4180100
gene_409	10	4190000	4190100
gene_410	1	4200000	4200100
gene_411	2	4210000	4210100
gene_412	3	4220000	4220100
gene_413	4	4230000	4230100
gene_414	5	4240000	4240100
gene_415	6	4250000	4250100
gene_416	7	4260000	4260100
gene_417	8	4270000	4270100
gene_418	9	4280000	4280100
gene_419	10	4290000	4290100
gene_420	1	4300000	4300100
gene_421	2	4310000	4310100
gene_422	3	4320000	4320100
gene_423	4	4330000	4330100
gene_424	5	4340000	4340100
gene_425	6	4350000	4350100
gene_426	7	4360000	4360100
gene_427	8	4370000	4370100
gene_428	9	4380000	4380100
gene_429	10	4390000	4390100
gene_430	1	4400000	4400100
gene_431	2	4410000	4410100
gene_432	3	4420000	4420100
gene_433	4	4430000	4430100
gene_434	5	4440000	4440100
gene_435	6	4450000	4450100
gene_436	7	4460000	4460100
gene_437	8	4470000	4470100
gene_438	9	4480000	4480100
gene_439	10	4490000	4490100
gene_440	1	4500000	4500100
gene_441	2	4510000	4510100
gene_442	3	4520000	4520100
gene_443	4	4530000	4530100
gene_444	5	4540000	4540100
gene_445	6	4550000	4550100
gene_446	7	4560000	4560100
gene_447	8	4570000	4570100
gene_448	9	4580000	4580100
gene_449	10	4590000	4590100
gene_450	1	4600000	4600100
gene_451	2	4610000	4610100
gene_452	3	4620000	4620100
gene_453	4	4630000	4630100
gene_454	5	4640000	4640100
gene_455	6	4650000	4650100
gene_456	7	4660000	4660100
gene_457	8	4670000	4670100
gene_458	9	4680000	4680100
gene_459	10	4690000	4690100
gene_460	1	4700000	4700100
gene_461	2	4710000	4710100
gene_462	3	4720000	4720100
gene_463	4	4730000	4730100
gene_464	5	4740000	4740100
gene_465	6	4750000	4750100
gene_466	7	4760000	4760100
gene_467	8	4770000	4770100
gene_468	9	4780000	4780100
gene_469	10	4790000	4790100
gene_470	1	4800000	4800100
gene_471	2	4810000	4810100
gene_472	3	4820000	4820100
gene_473	4	4830000	4830100
gene_474	5	4840000	4840100
gene_475	6	4850000	4850100
gene_476	7	4860000	4860100
gene_477	8	4870000	4870100
gene_478	9	4880000	4880100
gene_479	10	4890000	4890100
gene_480	1	4900000	4900100
gene_481	2	4910000	4910100
gene_482	3	4920000	4920100
gene_483	4	4930000	4930100
gene_484	5	4940000	4940100
gene_485	6	4950000	4950100
gene_486	7	4960000	4960100
gene_487	8	4970000	4970100
gene_488	9	4980000	4980100
gene_489	10	4990000	4990100
gene_490	1	5000000	5000100
gene_491	2	5010000	5010100
gene_492	3	5020000	5020100
gene_493	4	5030000	5030100
gene_494	5	5040000	5040100
gene_495	6	5050000	5050100
gene_496	7	5060000	5060100
gene_497	8	5070000	5070100
gene_498	9	5080000	5080100
gene_499	10	5090000	5090100
gene_500	1	5100000	5100100
gene_501	2	5110000	5110100
gene_502	3	5120000	5120100
gene_503	4	5130000	5130100
gene_504	5	5140000	5140100
gene_505	6	5150000	5150100
gene_506	7	5160000	5160100
gene_507	8	5170000	5170100
gene_508	9	5180000	5180100
gene_509	10	5190000	5190100
gene_510	1	5200000	5200100
gene_511	2	5210000	5210100
gene_512	3	5220000	5220100
gene_513	4	5230000	5230100
gene_514	5	5240000	5240100
gene_515	6	5250000	5250100
gene_516	7	5260000	5260100
gene_517	8	5270000	5270100
gene_518	9	5280000	5280100
gene_519	10	5290000	5290100
gene_520	1	5300000	5300100
gene_521	2	5310000	5310100
gene_522	3	5320000	5320100
gene_523	4	5330000	5330100
gene_524	5	5340000	5340100
gene_525	6	5350000	5350100
gene_526	7	5360000	5360100
gene_527	8	5370000	5370100
gene_528	9	5380000	5380100
gene_529	10	5390000	5390100
gene_530	1	5400000	5400100
gene_531	2	5410000	5410100
gene_532	3	5420000	5420100
gene_533	4	5430000	5430100
gene_534	5	5440000	5440100
gene_535	6	5450000	5450100
gene_536	7	5460000	5460100
gene_537	8	5470000	5470100
gene_538	9	5480000	5480100
gene_539	10	5490000	5490100
gene_540	1	5500000	5500100
gene_541	2	5510000	5510100
gene_542	3	5520000	5520100
gene_543	4	5530000	5530100
gene_544	5	5540000	5540100
gene_545	6	5550000	5550100
gene_546	7	5560000	5560100
gene_547	8	5570000	5570100
gene_548	9	5580000	5580100
gene_549	10	5590000	5590100
gene_550	1	5600000	5600100
gene_551	2	5610000	5610100
gene_552	3	5620000	5620100
gene_553	4	5630000	5630100
gene_554	5	5640000	5640100
gene_555	6	5650000	5650100
gene_556	7	5660000	5660100
gene_557	8	5670000	5670100
gene_558	9	5680000	5680100
gene_559	10	5690000	5690100
gene_560	1	5700000	5700100
gene_561	2	5710000	5710100
gene_562	3	5720000	5720100
gene_563	4	5730000	5730100
gene_564	5	5740000	5740100
gene_565	6	5750000	5750100
gene_566	7	5760000	5760100
gene_567	8	5770000	5770100
gene_568	9	5780000	5780100
gene_569	10	5790000	5790100
gene_570	1	5800000	5800100
gene_571	2	5810000	5810100
gene_572	3	5820000	5820100
gene_573	4	5830000	5830100
gene_574	5	5840000	5840100
gene_575	6	5850000	5850100
gene_576	7	5860000	5860100
gene_577	8	5870000	5870100
gene_578	9	5880000	5880100
gene_579	10	5890000	5890100
gene_580	1	5900000	5900100
gene_581	2	5910000	5910100
gene_582	3	5920000	5920100
gene_583	4	5930000	5930100
gene_584	5	5940000	5940100
gene_585	6	5950000	5950100
gene_586	7	5960000	5960100
gene_587	8	5970000	5970100
gene_588	9	5980000	5980100
gene_589	10	5990000	5990100
gene_590	1	6000000	6000100
gene_591	2	6010000	6010100
gene_592	3	6020000	6020100
gene_593	4	6030000	6030100
gene_594	5	6040000	6040100
gene_595	6	6050000	6050100
gene_596	7	6060000	6060100
gene_597	8	6070000	6070100
gene_598	9	6080000	6080100
gene_599	10	6090000	6090100
gene_600	1	6100000	6100100
gene_601	2	6110000	6110100
gene_602	3	6120000	6120100
gene_603	4	6130000	6130100
gene_604	5	6140000	6140100
gene_605	6	6150000	6150100
gene_606	7	6160000	6160100
gene_607	8	6170000	6170100
gene_608	9	6180000	6180100
gene_609	10	6190000	6190100
gene_610	1	6200000	6200100
gene_611	2	6210000	6210100
gene_612	3	6220000	6220100
gene_613	4	6230000	6230100
gene_614	5	6240000	6240100
gene_615	6	6250000	6250100
gene_616	7	6260000	6260100
gene_617	8	6270000	6270100
gene_618	9	6280000	6280100
gene_619	10	6290000	6290100
gene_620	1	6300000	6300100
gene_621	2	6310000	6310100
gene_622	3	6320000	6320100
gene_623	4	6330000	6330100
gene_624	5	6340000	6340100
gene_625	6	6350000	6350100
gene_626	7	6360000	6360100
gene_627	8	6370000	6370100
gene_628	9	6380000	6380100
gene_629	10	6390000	6390100
gene_630	1	6400000	6400100
gene_631	2	6410000	6410100
gene_632	3	6420000	6420100
gene_633	4	6430000	6430100
gene_634	5	6440000	6440100
gene_635	6	6450000	6450100
gene_636	7	6460000	6460100
gene_637	8	6470000	6470100
gene_638	9	6480000	6480100
gene_639	10	6490000	6490100
gene_640	1	6500000	6500100
gene_641	2	6510000	6510100
gene_642	3	6520000	6520100
gene_643	4	6530000	6530100
gene_644	5	6540000	6540100
gene_645	6	6550000	6550100
gene_646	7	6560000	6560100
gene_647	8	6570000	6570100
gene_648	9	6580000	6580100
gene_649	10	6590000	6590100
gene_650	1	6600000	6600100
gene_651	2	6610000	6610100
gene_652	3	6620000	6620100
gene_653	4	6630000	6630100
gene_654	5	6640000	6640100
gene_655	6	6650000	6650100
gene_656	7	6660000	6660100
gene_657	8	6670000	6670100
gene_658	9	6680000	6680100
gene_659	10	6690000	6690100
gene_660	1	6700000	6700100
gene_661	2	6710000	6710100
gene_662	3	6720000	6720100
gene_663	4	6730000	6730100
gene_664	5	6740000	6740100
gene_665	6	6750000	6750100
gene_666	7	6760000	6760100
gene_667	8	6770000	6770100
gene_668	9	6780000	6780100
gene_669	10	6790000	6790100
gene_670	1	6800000	6800100
gene_671	2	6810000	6810100
gene_672	3	6820000	6820100
gene_673	4	6830000	6830100
gene_674	5	6840000	6840100
gene_675	6	6850000	6850100
gene_676	7	6860000	6860100
gene_677	8	6870000	6870100
gene_678	9	6880000	6880100
gene_679	10	6890000	6890100
gene_680	1	6900000	6900100
gene_681	2	6910000	6910100
gene_682	3	6920000	6920100
gene_683	4	6930000	6930100
gene_684	5	6940000	6940100
gene_685	6	6950000	6950100
gene_686	7	6960000	6960100
gene_687	8	6970000	6970100
gene_688	9	6980000	6980100
gene_689	10	6990000	6990100
gene_690	1	7000000	7000100
gene_691	2	7010000	7010100
gene_692	3	7020000	7020100
gene_693	4	7030000	7030100
gene_694	5	7040000	7040100
gene_695	6	7050000	7050100
gene_696	7	7060000	7060100
gene_697	8	7070000	7070100
gene_698	9	7080000	7080100
gene_699	10	7090000	7090100
gene_700	1	7100000	7100100
gene_701	2	7110000	7110100
gene_702	3	7120000	7120100
gene_703	4	7130000	7130100
gene_704	5	7140000	7140100
gene_705	6	7150000	7150100
gene_706	7	7160000	7160100
gene_707	8	7170000	7170100
gene_708	9	7180000	7180100
gene_709	10	7190000	7190100
gene_710	1	7200000	7200100
gene_711	2	7210000	7210100
gene_712	3	7220000	7220100
gene_713	4	7230000	7230100
gene_714	5	7240000	7240100
gene_715	6	7250000	7250100
gene_716	7	7260000	7260100
gene_717	8	7270000	7270100
gene_718	9	7280000	7280100
gene_719	10	7290000	7290100
gene_720	1	7300000	7300100
gene_721	2	7310000	7310100
gene_722	3	7320000	7320100
gene_723	4	7330000	7330100
gene_724	5	7340000	7340100
gene_725	6	7350000	7350100
gene_726	7	7360000	7360100
gene_727	8	7370000	7370100
gene_728	9	7380000	7380100
gene_729	10	7390000	7390100
gene_730	1	7400000	7400100
gene_731	2	7410000	7410100
gene_732	3	7420000	7420100
gene_733	4	7430000	7430100
gene_734	5	7440000	7440100
gene_735	6	7450000	7450100
gene_736	7	7460000	7460100
gene_737	8	7470000	7470100
gene_738	9	7480000	7480100
gene_739	10	7490000	7490100
gene_740	1	7500000	7500100
gene_741	2	7510000	7510100
gene_742	3	7520000	7520100
gene_743	4	7530000	7530100
gene_744	5	7540000	7540100
gene_745	6	7550000	7550100
gene_746	7	7560000	7560100
gene_747	8	7570000	7570100
gene_748	9	7580000	7580100
gene_749	10	7590000	7590100
gene_750	1	7600000	7600100
gene_751	2	7610000	7610100
gene_752	3	7620000	7620100
gene_753	4	7630000	7630100
gene_754	5	7640000	7640100
gene_755	6	7650000	7650100
gene_756	7	7660000	7660100
gene_757	8	7670000	7670100
gene_758	9	7680000	7680100
gene_759	10	7690000	7690100
gene_760	1	7700000	7700100
gene_761	2	7710000	7710100
gene_762	3	7720000	7720100
gene_763	4	7730000	7730100
gene_764	5	7740000	7740100
gene_765	6	7750000	7750100
gene_766	7	7760000	7760100
gene_767	8	7770000	7770100
gene_768	9	7780000	7780100
gene_769	10	7790000	7790100
gene_770	1	7800000	7800100
gene_771	2	7810000	7810100
gene_772	3	7820000	7820100
gene_773	4	7830000	7830100
gene_774	5	7840000	7840100
gene_775	6	7850000	7850100
gene_776	7	7860000	7860100
gene_777	8	7870000	7870100
gene_778	9	7880000	7880100
gene_779	10	7890000	7890100
gene_780	1	7900000	7900100
gene_781	2	7910000	7910100
gene_782	3	7920000	7920100
gene_783	4	7930000	7930100
gene_784	5	7940000	7940100
gene_785	6	7950000	7950100
gene_786	7	7960000	7960100
gene_787	8	7970000	7970100
gene_788	9	7980000	7980100
gene_789	10	7990000	7990100
gene_790	1	8000000	8000100
gene_791	2	8010000	8010100
gene_792	3	8020000	8020100
gene_793	4	8030000	8030100
gene_794	5	8040000	8040100
gene_795	6	8050000	8050100
gene_796	7	8060000	8060100
gene_797	8	8070000	8070100
gene_798	9	8080000	8080100
gene_799	10	8090000	8090100
gene_800	1	8100000	8100100
gene_801	2	8110000	8110100
gene_802	3	8120000	8120100
gene_803	4	8130000	8130100
gene_804	5	8140000	8140100
gene_805	6	8150000	8150100
gene_806	7	8160000	8160100
gene_807	8	8170000	8170100
gene_808	9	8180000	8180100
gene_809	10	8190000	8190100
gene_810	1	8200000	8200100
gene_811	2	8210000	8210100
gene_812	3	8220000	8220100
gene_813	4	8230000	8230100
gene_814	5	8240000	8240100
gene_815	6	8250000	8250100
gene_816	7	8260000	8260100
gene_817	8	8270000	8270100
gene_818	9	8280000	8280100
gene_819	10	8290000	8290100
gene_820	1	8300000	8300100
gene_821	2	8310000	8310100
gene_822	3	8320000	8320100
gene_823	4	8330000	8330100
gene_824	5	8340000	8340100
gene_825	6	8350000	8350100
gene_826	7	8360000	8360100
gene_827	8	8370000	8370100
gene_828	9	8380000	8380100
gene_829	10	8390000	8390100
gene_830	1	8400000	8400100
gene_831	2	8410000	8410100
gene_832	3	8420000	8420100
gene_833	4	8430000	8430100
gene_834	5	8440000	8440100
gene_835	6	8450000	8450100
gene_836	7	8460000	8460100
gene_837	8	8470000	8470100
gene_838	9	8480000	8480100
gene_839	10	8490000	8490100
gene_840	1	8500000	8500100
gene_841	2	8510000	8510100
gene_842	3	8520000	8520100
gene_843	4	8530000	8530100
gene_844	5	8540000	8540100
gene_845	6	8550000	8550100
gene_846	7	8560000	8560100
gene_847	8	8570000	8570100
gene_848	9	8580000	8580100
gene_849	10	8590000	8590100
gene_850	1	8600000	8600100
gene_851	2	8610000	8610100
gene_852	3	8620000	8620100
gene_853	4	8630000	8630100
gene_854	5	8640000	8640100
gene_855	6	8650000	8650100
gene_856	7	8660000	8660100
gene_857	8	8670000	8670100
gene_858	9	8680000	8680100
gene_859	10	8690000	8690100
gene_860	1	8700000	8700100
gene_861	2	8710000	8710100
gene_862	3	8720000	8720100
gene_863	4	8730000	8730100
gene_864	5	8740000	8740100
gene_865	6	8750000	8750100
gene_866	7	8760000	8760100
gene_867	8	8770000	8770100
gene_868	9	8780000	8780100
gene_869	10	8790000	8790100
gene_870	1	8800000	8800100
gene_871	2	8810000	8810100
gene_872	3	8820000	8820100
gene_873	4	8830000	8830100
gene_874	5	8840000	8840100
gene_875	6	8850000	8850100
gene_876	7	8860000	8860100
gene_877	8	8870000	8870100
gene_878	9	8880000	8880100
gene_879	10	8890000	8890100
gene_880	1	8900000	8900100
gene_881	2	8910000	8910100
gene_882	3	8920000	8920100
gene_883	4	8930000	8930100
gene_884	5	8940000	8940100
gene_885	6	8950000	8950100
gene_886	7	8960000	8960100
gene_887	8	8970000	8970100
gene_888	9	8980000	8980100
gene_889	10	8990000	8990100
gene_890	1	9000000	9000100
gene_891	2	9010000	9010100
gene_892	3	9020000	9020100
gene_893	4	9030000	9030100
gene_894	5	9040000	9040100
gene_895	6	9050000	9050100
gene_896	7	9060000	9060100
gene_897	8	9070000	9070100
gene_898	9	9080000	9080100
gene_899	10	9090000	9090100
gene_900	1	9100000	9100100
gene_901	2	9110000	9110100
gene_902	3	9120000	9120100
gene_903	4	9130000	9130100
gene_904	5	9140000	9140100
gene_905	6	9150000	9150100
gene_906	7	9160000	9160100
gene_907	8	9170000	9170100
gene_908	9	9180000	9180100
gene_909	10	9190000	9190100
gene_910	1	9200000	9200100
gene_911	2	9210000	9210100
gene_912	3	9220000	9220100
gene_913	4	9230000	9230100
gene_914	5	9240000	9240100
gene_915	6	9250000	9250100
gene_916	7	9260000	9260100
gene_917	8	9270000	9270100
gene_918	9	9280000	9280100
gene_919	10	9290000	9290100
gene_920	1	9300000	9300100
gene_921	2	9310000	9310100
gene_922	3	9320000	9320100
gene_923	4	9330000	9330100
gene_924	5	9340000	9340100
gene_925	6	9350000	9350100
gene_926	7	9360000	9360100
gene_927	8	9370000	9370100
gene_928	9	9380000	9380100
gene_929	10	9390000	9390100
gene_930	1	9400000	9400100
gene_931	2	9410000	9410100
gene_932	3	9420000	9420100
gene_933	4	9430000	9430100
gene_934	5	9440000	9440100
gene_935	6	9450000	9450100
gene_936	7	9460000	9460100
gene_937	8	9470000	9470100
gene_938	9	9480000	9480100
gene_939	10	9490000	9490100
gene_940	1	9500000	9500100
gene_941	2	9510000	9510100
gene_942	3	9520000	9520100
gene_943	4	9530000	9530100
gene_944	5	9540000	9540100
gene_945	6	9550000	9550100
gene_946	7	9560000	9560100
gene_947	8	9570000	9570100
gene_948	9	9580000	9580100
gene_949	10	9590000	9590100
gene_950	1	9600000	9600100
gene_951	2	9610000	9610100
gene_952	3	9620000	9620100
gene_953	4	9630000	9630100
gene_954	5	9640000	9640100
gene_955	6	9650000	9650100
gene_956	7	9660000	9660100
gene_957	8	9670000	9670100
gene_958	9	9680000	9680100
gene_959	10	9690000	9690100
gene_960	1	9700000	9700100
gene_961	2	9710000	9710100
gene_962	3	9720000	9720100
gene_963	4	9730000	9730100
gene_964	5	9740000	9740100
gene_965	6	9750000	9750100
gene_966	7	9760000	9760100
gene_967	8	9770000	9770100
gene_968	9	9780000	9780100
gene_969	10	9790000	9790100
gene_970	1	9800000	9800100
gene_971	2	9810000	9810100
gene_972	3	9820000	9820100
gene_973	4	9830000	9830100
gene_974	5	9840000	9840100
gene_975	6	9850000	9850100
gene_976	7	9860000	9860100
gene_977	8	9870000	9870100
gene_978	9	9880000	9880100
gene_979	10	9890000	9890100
gene_980	1	9900000	9900100
gene_981	2	9910000	9910100
gene_982	3	9920000	9920100
gene_983	4	9930000	9930100
gene_984	5	9940000	9940100
gene_985	6	9950000	9950100
gene_986	7	9960000	9960100
gene_987	8	9970000	9970100
gene_988	9	9980000	9980100
gene_989	10	9990000	9990100
gene_990	1	10000000	10000100
gene_991	2	10010000	10010100
gene_992	3	10020000	10020100
gene_993	4	10030000	10030100
gene_994	5	10040000	10040100
gene_995	6	10050000	10050100
gene_996	7	10060000	10060100
gene_997	8	10070000	10070100
gene_998	9	10080000	10080100
gene_999	10	10090000	10090100
